"0","main.DK 
"
"1","$modelStruct
"
"1","$reStruct
"
"1","$student
"
"1","[1]"
"1"," -0.8412787"
"1","
"
"1","attr(,""formula"")"
"1","
"
"1","~1
"
"1","attr(,""Dimnames"")"
"1","
"
"1","attr(,""Dimnames"")[[1]]
"
"1","[1]"
"1"," ""(Intercept)"""
"1","
"
"1","
"
"1","attr(,""Dimnames"")[[2]]
"
"1","[1]"
"1"," ""(Intercept)"""
"1","
"
"1","
"
"1","attr(,""class"")"
"1","
"
"1","[1]"
"1"," ""pdLogChol"""
"1"," ""pdSymm""   "
"1"," ""pdMat""    "
"1","
"
"1","
"
"1","attr(,""settings"")"
"1","
"
"1","[1]"
"1"," 0"
"1"," 1"
"1"," 0"
"1"," 4"
"1","
"
"1","attr(,""class"")"
"1","
"
"1","[1]"
"1"," ""reStruct"""
"1","
"
"1","attr(,""plen"")"
"1","
"
"1","student "
"1","
"
"1","      1 "
"1","
"
"1","
"
"1","$varStruct
"
"1","numeric(0)
"
"1","attr(,""formula"")"
"1","
"
"1","~invwt
"
"1","<environment: 0x00000178bf9f1bd8>
"
"1","attr(,""class"")"
"1","
"
"1","[1]"
"1"," ""varFixed"""
"1"," ""varFunc"" "
"1","
"
"1","attr(,""needUpdate"")"
"1","
"
"1","[1]"
"1"," FALSE"
"1","
"
"1","attr(,""covariate"")"
"1","
"
"1","  [1]"
"1"," 0.37037164"
"1"," 0.25005983"
"1"," 0.77864615"
"1"," 0.11102917"
"1"," 1.31344012"
"1"," 0.18728683"
"1"," 0.44056642"
"1"," 0.29745249"
"1"," 0.52730003"
"1"," 0.07518908"
"1","
"
"1"," [11]"
"1"," 1.02884605"
"1"," 0.14670583"
"1"," 1.20621519"
"1"," 0.17199735"
"1"," 0.43977060"
"1"," 0.06270803"
"1"," 0.65679808"
"1"," 0.44344329"
"1"," 0.61520772"
"1"," 0.08772406"
"1","
"
"1"," [21]"
"1"," 1.92648362"
"1"," 0.27470229"
"1"," 0.65679808"
"1"," 0.44344329"
"1"," 0.68884897"
"1"," 0.09822476"
"1"," 0.61520772"
"1"," 0.08772406"
"1"," 0.88963613"
"1"," 0.12685552"
"1","
"
"1"," [31]"
"1"," 0.55406087"
"1"," 0.07900498"
"1"," 0.65026430"
"1"," 0.09272287"
"1"," 0.52730003"
"1"," 0.07518908"
"1"," 0.73145151"
"1"," 0.10429957"
"1"," 0.65679808"
"1"," 0.44344329"
"1","
"
"1"," [41]"
"1"," 1.31344012"
"1"," 0.18728683"
"1"," 0.93244128"
"1"," 0.62954634"
"1"," 0.83110848"
"1"," 0.11850991"
"1"," 1.02884605"
"1"," 0.14670583"
"1"," 0.48005464"
"1"," 0.06845224"
"1","
"
"1"," [51]"
"1"," 0.83110848"
"1"," 0.11850991"
"1"," 0.68884897"
"1"," 0.09822476"
"1"," 0.13005858"
"1"," 0.08781025"
"1"," 0.73445527"
"1"," 0.49587426"
"1"," 0.83110848"
"1"," 0.11850991"
"1","
"
"1"," [61]"
"1"," 1.31344012"
"1"," 0.18728683"
"1"," 0.52730003"
"1"," 0.07518908"
"1"," 0.34156730"
"1"," 0.23061232"
"1"," 0.73145151"
"1"," 0.10429957"
"1"," 0.16246993"
"1"," 0.10969307"
"1","
"
"1"," [71]"
"1"," 0.58325995"
"1"," 0.08316855"
"1"," 1.31344012"
"1"," 0.18728683"
"1"," 0.93244128"
"1"," 0.62954634"
"1"," 0.93244128"
"1"," 0.62954634"
"1"," 0.93244128"
"1"," 0.62954634"
"1","
"
"1"," [81]"
"1"," 0.40313679"
"1"," 0.27218153"
"1"," 0.25561882"
"1"," 0.17258341"
"1"," 1.20621519"
"1"," 0.17199735"
"1"," 0.65679808"
"1"," 0.44344329"
"1"," 0.88963613"
"1"," 0.12685552"
"1","
"
"1"," [91]"
"1"," 0.68884897"
"1"," 0.09822476"
"1"," 1.92648362"
"1"," 0.27470229"
"1"," 1.92648362"
"1"," 0.27470229"
"1"," 0.44056642"
"1"," 0.29745249"
"1"," 1.02884605"
"1"," 0.14670583"
"1","
"
"1","[101]"
"1"," 0.37504614"
"1"," 0.05347880"
"1"," 0.13005858"
"1"," 0.08781025"
"1"," 0.93244128"
"1"," 0.62954634"
"1"," 0.82543958"
"1"," 0.55730315"
"1"," 0.37037164"
"1"," 0.25005983"
"1","
"
"1","[111]"
"1"," 0.53299040"
"1"," 0.35985339"
"1"," 1.02884605"
"1"," 0.14670583"
"1"," 0.93244128"
"1"," 0.62954634"
"1"," 0.65679808"
"1"," 0.44344329"
"1"," 0.25561882"
"1"," 0.17258341"
"1","
"
"1","[121]"
"1"," 0.59025175"
"1"," 0.39851392"
"1"," 0.48350912"
"1"," 0.32644565"
"1"," 0.83110848"
"1"," 0.11850991"
"1"," 1.92648362"
"1"," 0.27470229"
"1"," 0.93244128"
"1"," 0.62954634"
"1","
"
"1","[131]"
"1"," 0.93244128"
"1"," 0.62954634"
"1"," 0.95517415"
"1"," 0.13620076"
"1"," 1.02884605"
"1"," 0.14670583"
"1"," 0.48350912"
"1"," 0.32644565"
"1"," 0.68884897"
"1"," 0.09822476"
"1","
"
"1","[141]"
"1"," 0.93244128"
"1"," 0.62954634"
"1"," 1.11199192"
"1"," 0.15856181"
"1"," 0.82543958"
"1"," 0.55730315"
"1"," 0.88963613"
"1"," 0.12685552"
"1"," 0.73145151"
"1"," 0.10429957"
"1","
"
"1","[151]"
"1"," 0.95517415"
"1"," 0.13620076"
"1"," 0.88963613"
"1"," 0.12685552"
"1"," 0.37037164"
"1"," 0.25005983"
"1"," 0.65026430"
"1"," 0.09272287"
"1"," 1.20621519"
"1"," 0.17199735"
"1","
"
"1","[161]"
"1"," 0.73445527"
"1"," 0.49587426"
"1"," 0.77864615"
"1"," 0.11102917"
"1"," 1.02884605"
"1"," 0.14670583"
"1"," 0.95517415"
"1"," 0.13620076"
"1"," 1.02884605"
"1"," 0.14670583"
"1","
"
"1","[171]"
"1"," 0.65679808"
"1"," 0.44344329"
"1"," 0.93244128"
"1"," 0.62954634"
"1"," 1.31344012"
"1"," 0.18728683"
"1"," 0.88963613"
"1"," 0.12685552"
"1"," 1.11199192"
"1"," 0.15856181"
"1","
"
"1","[181]"
"1"," 0.40313679"
"1"," 0.27218153"
"1"," 0.95517415"
"1"," 0.13620076"
"1"," 0.82543958"
"1"," 0.55730315"
"1"," 0.93244128"
"1"," 0.62954634"
"1"," 0.82543958"
"1"," 0.55730315"
"1","
"
"1","[191]"
"1"," 0.73445527"
"1"," 0.49587426"
"1"," 1.11199192"
"1"," 0.15856181"
"1"," 0.65679808"
"1"," 0.44344329"
"1"," 0.13558111"
"1"," 0.09153884"
"1"," 0.65026430"
"1"," 0.09272287"
"1","
"
"1","[201]"
"1"," 0.52730003"
"1"," 0.07518908"
"1"," 0.59025175"
"1"," 0.39851392"
"1"," 0.82543958"
"1"," 0.55730315"
"1"," 1.11199192"
"1"," 0.15856181"
"1"," 1.20621519"
"1"," 0.17199735"
"1","
"
"1","[211]"
"1"," 0.93244128"
"1"," 0.62954634"
"1"," 1.31344012"
"1"," 0.18728683"
"1"," 0.59025175"
"1"," 0.39851392"
"1"," 0.95517415"
"1"," 0.13620076"
"1"," 0.55406087"
"1"," 0.07900498"
"1","
"
"1","[221]"
"1"," 0.93244128"
"1"," 0.62954634"
"1"," 0.59025175"
"1"," 0.39851392"
"1"," 0.82543958"
"1"," 0.55730315"
"1"," 1.43598214"
"1"," 0.20476042"
"1","
"
"1","attr(,""weights"")"
"1","
"
"1","  [1]"
"1"," 1.6431649"
"1"," 1.9997607"
"1"," 1.1332610"
"1"," 3.0011068"
"1"," 0.8725591"
"1"," 2.3107150"
"1"," 1.5065873"
"1"," 1.8335434"
"1"," 1.3771178"
"1"," 3.6468896"
"1"," 0.9858817"
"1","
"
"1"," [12]"
"1"," 2.6108163"
"1"," 0.9105160"
"1"," 2.4112327"
"1"," 1.5079499"
"1"," 3.9933596"
"1"," 1.2339116"
"1"," 1.5016923"
"1"," 1.2749381"
"1"," 3.3762969"
"1"," 0.7204724"
"1"," 1.9079582"
"1","
"
"1"," [23]"
"1"," 1.2339116"
"1"," 1.5016923"
"1"," 1.2048639"
"1"," 3.1907260"
"1"," 1.2749381"
"1"," 3.3762969"
"1"," 1.0602146"
"1"," 2.8076652"
"1"," 1.3434492"
"1"," 3.5577283"
"1"," 1.2400952"
"1","
"
"1"," [34]"
"1"," 3.2840258"
"1"," 1.3771178"
"1"," 3.6468896"
"1"," 1.1692496"
"1"," 3.0964120"
"1"," 1.2339116"
"1"," 1.5016923"
"1"," 0.8725591"
"1"," 2.3107150"
"1"," 1.0355934"
"1"," 1.2603354"
"1","
"
"1"," [45]"
"1"," 1.0969104"
"1"," 2.9048430"
"1"," 0.9858817"
"1"," 2.6108163"
"1"," 1.4432935"
"1"," 3.8221364"
"1"," 1.0969104"
"1"," 2.9048430"
"1"," 1.2048639"
"1"," 3.1907260"
"1"," 2.7728763"
"1","
"
"1"," [56]"
"1"," 3.3746395"
"1"," 1.1668562"
"1"," 1.4200846"
"1"," 1.0969104"
"1"," 2.9048430"
"1"," 0.8725591"
"1"," 2.3107150"
"1"," 1.3771178"
"1"," 3.6468896"
"1"," 1.7110467"
"1"," 2.0823741"
"1","
"
"1"," [67]"
"1"," 1.1692496"
"1"," 3.0964120"
"1"," 2.4809243"
"1"," 3.0193287"
"1"," 1.3093897"
"1"," 3.4675317"
"1"," 0.8725591"
"1"," 2.3107150"
"1"," 1.0355934"
"1"," 1.2603354"
"1"," 1.0355934"
"1","
"
"1"," [78]"
"1"," 1.2603354"
"1"," 1.0355934"
"1"," 1.2603354"
"1"," 1.5749754"
"1"," 1.9167730"
"1"," 1.9778966"
"1"," 2.4071352"
"1"," 0.9105160"
"1"," 2.4112327"
"1"," 1.2339116"
"1"," 1.5016923"
"1","
"
"1"," [89]"
"1"," 1.0602146"
"1"," 2.8076652"
"1"," 1.2048639"
"1"," 3.1907260"
"1"," 0.7204724"
"1"," 1.9079582"
"1"," 0.7204724"
"1"," 1.9079582"
"1"," 1.5065873"
"1"," 1.8335434"
"1"," 0.9858817"
"1","
"
"1","[100]"
"1"," 2.6108163"
"1"," 1.6328927"
"1"," 4.3242338"
"1"," 2.7728763"
"1"," 3.3746395"
"1"," 1.0355934"
"1"," 1.2603354"
"1"," 1.1006706"
"1"," 1.3395356"
"1"," 1.6431649"
"1"," 1.9997607"
"1","
"
"1","[111]"
"1"," 1.3697468"
"1"," 1.6670061"
"1"," 0.9858817"
"1"," 2.6108163"
"1"," 1.0355934"
"1"," 1.2603354"
"1"," 1.2339116"
"1"," 1.5016923"
"1"," 1.9778966"
"1"," 2.4071352"
"1"," 1.3016114"
"1","
"
"1","[122]"
"1"," 1.5840842"
"1"," 1.4381284"
"1"," 1.7502277"
"1"," 1.0969104"
"1"," 2.9048430"
"1"," 0.7204724"
"1"," 1.9079582"
"1"," 1.0355934"
"1"," 1.2603354"
"1"," 1.0355934"
"1"," 1.2603354"
"1","
"
"1","[133]"
"1"," 1.0231957"
"1"," 2.7096315"
"1"," 0.9858817"
"1"," 2.6108163"
"1"," 1.4381284"
"1"," 1.7502277"
"1"," 1.2048639"
"1"," 3.1907260"
"1"," 1.0355934"
"1"," 1.2603354"
"1"," 0.9483075"
"1","
"
"1","[144]"
"1"," 2.5113122"
"1"," 1.1006706"
"1"," 1.3395356"
"1"," 1.0602146"
"1"," 2.8076652"
"1"," 1.1692496"
"1"," 3.0964120"
"1"," 1.0231957"
"1"," 2.7096315"
"1"," 1.0602146"
"1"," 2.8076652"
"1","
"
"1","[155]"
"1"," 1.6431649"
"1"," 1.9997607"
"1"," 1.2400952"
"1"," 3.2840258"
"1"," 0.9105160"
"1"," 2.4112327"
"1"," 1.1668562"
"1"," 1.4200846"
"1"," 1.1332610"
"1"," 3.0011068"
"1"," 0.9858817"
"1","
"
"1","[166]"
"1"," 2.6108163"
"1"," 1.0231957"
"1"," 2.7096315"
"1"," 0.9858817"
"1"," 2.6108163"
"1"," 1.2339116"
"1"," 1.5016923"
"1"," 1.0355934"
"1"," 1.2603354"
"1"," 0.8725591"
"1"," 2.3107150"
"1","
"
"1","[177]"
"1"," 1.0602146"
"1"," 2.8076652"
"1"," 0.9483075"
"1"," 2.5113122"
"1"," 1.5749754"
"1"," 1.9167730"
"1"," 1.0231957"
"1"," 2.7096315"
"1"," 1.1006706"
"1"," 1.3395356"
"1"," 1.0355934"
"1","
"
"1","[188]"
"1"," 1.2603354"
"1"," 1.1006706"
"1"," 1.3395356"
"1"," 1.1668562"
"1"," 1.4200846"
"1"," 0.9483075"
"1"," 2.5113122"
"1"," 1.2339116"
"1"," 1.5016923"
"1"," 2.7158164"
"1"," 3.3051966"
"1","
"
"1","[199]"
"1"," 1.2400952"
"1"," 3.2840258"
"1"," 1.3771178"
"1"," 3.6468896"
"1"," 1.3016114"
"1"," 1.5840842"
"1"," 1.1006706"
"1"," 1.3395356"
"1"," 0.9483075"
"1"," 2.5113122"
"1"," 0.9105160"
"1","
"
"1","[210]"
"1"," 2.4112327"
"1"," 1.0355934"
"1"," 1.2603354"
"1"," 0.8725591"
"1"," 2.3107150"
"1"," 1.3016114"
"1"," 1.5840842"
"1"," 1.0231957"
"1"," 2.7096315"
"1"," 1.3434492"
"1"," 3.5577283"
"1","
"
"1","[221]"
"1"," 1.0355934"
"1"," 1.2603354"
"1"," 1.3016114"
"1"," 1.5840842"
"1"," 1.1006706"
"1"," 1.3395356"
"1"," 0.8344983"
"1"," 2.2099223"
"1","
"
"1","attr(,""logLik"")"
"1","
"
"1","[1]"
"1"," 107.9705"
"1","
"
"1","
"
"1","attr(,""settings"")"
"1","
"
"1","[1]"
"1"," 0"
"1"," 1"
"1"," 0"
"1"," 4"
"1","
"
"1","attr(,""class"")"
"1","
"
"1","[1]"
"1"," ""lmeStruct""  "
"1"," ""modelStruct"""
"1","
"
"1","attr(,""pmap"")"
"1","
"
"1","    "
"1"," reStruct"
"1"," varStruct"
"1","
[1,]"
"1","     TRUE"
"1","     FALSE"
"1","
"
"1","attr(,""fixedSigma"")"
"1","
"
"1","[1]"
"1"," FALSE"
"1","
"
"1","
"
"1","$dims
"
"1","$dims$N
"
"1","[1]"
"1"," 228"
"1","
"
"1","
"
"1","$dims$Q
"
"1","[1]"
"1"," 1"
"1","
"
"1","
"
"1","$dims$qvec
"
"1","student "
"1","        "
"1","        "
"1","
"
"1","      1 "
"1","      0 "
"1","      0 "
"1","
"
"1","
"
"1","$dims$ngrps
"
"1","student "
"1","      X "
"1","      y "
"1","
"
"1","    114 "
"1","      1 "
"1","      1 "
"1","
"
"1","
"
"1","$dims$ncol
"
"1","student "
"1","        "
"1","        "
"1","
"
"1","      1 "
"1","      4 "
"1","      1 "
"1","
"
"1","
"
"1","
"
"1","$contrasts
"
"1","$contrasts$group
"
"1"," "
"1"," 1"
"1","
0"
"1"," 0"
"1","
1"
"1"," 1"
"1","
"
"1","
"
"1","
"
"1","$coefficients
"
"1","$coefficients$fixed
"
"1","(Intercept) "
"1","     group1 "
"1","       time "
"1","group1:time "
"1","
"
"1","  0.5652051 "
"1"," -0.4469085 "
"1","  0.3928067 "
"1","  1.5549570 "
"1","
"
"1","
"
"1","$coefficients$random
"
"1","$coefficients$random$student
"
"1","    "
"1","  (Intercept)"
"1","
0046"
"1","  0.427910371"
"1","
0130"
"1","  0.131872457"
"1","
0225"
"1"," -0.390750148"
"1","
0234"
"1","  0.254429180"
"1","
0236"
"1","  0.521563716"
"1","
0258"
"1"," -0.146658280"
"1","
0269"
"1"," -0.305632720"
"1","
0381"
"1","  0.703053567"
"1","
0445"
"1"," -0.144668506"
"1","
0990"
"1","  0.367404563"
"1","
1000"
"1"," -0.773557757"
"1","
1049"
"1"," -0.144668506"
"1","
1092"
"1","  0.254370808"
"1","
1143"
"1","  0.367404563"
"1","
1194"
"1"," -0.001336923"
"1","
1197"
"1","  0.472067952"
"1","
1318"
"1","  0.311998905"
"1","
1333"
"1","  0.521563716"
"1","
1414"
"1","  0.194378956"
"1","
1531"
"1"," -0.144668506"
"1","
1716"
"1"," -0.390750148"
"1","
1721"
"1"," -0.494854385"
"1","
1873"
"1","  0.066690647"
"1","
2055"
"1"," -0.146658280"
"1","
2070"
"1","  0.615418475"
"1","
2142"
"1","  0.066690647"
"1","
2161"
"1","  0.254370808"
"1","
2192"
"1","  1.474190779"
"1","
2356"
"1"," -0.256348259"
"1","
2473"
"1","  0.066690647"
"1","
2531"
"1"," -0.390750148"
"1","
2547"
"1","  0.521563716"
"1","
2592"
"1","  0.508843035"
"1","
2611"
"1","  0.194378956"
"1","
2752"
"1","  1.251741651"
"1","
2839"
"1","  0.420719842"
"1","
2957"
"1"," -0.390750148"
"1","
2966"
"1"," -0.494854385"
"1","
2994"
"1"," -0.494854385"
"1","
3128"
"1"," -0.494854385"
"1","
3143"
"1","  0.343175406"
"1","
3183"
"1","  0.798617948"
"1","
3290"
"1"," -0.305632720"
"1","
3310"
"1"," -0.144668506"
"1","
3412"
"1"," -0.001336923"
"1","
3445"
"1","  0.254370808"
"1","
3482"
"1"," -0.773557757"
"1","
3512"
"1"," -0.773557757"
"1","
3554"
"1","  0.254429180"
"1","
3822"
"1"," -0.146658280"
"1","
3998"
"1","  0.862241599"
"1","
4047"
"1","  1.474190779"
"1","
4246"
"1"," -0.494854385"
"1","
4293"
"1"," -0.373054155"
"1","
4338"
"1","  0.427910371"
"1","
4342"
"1","  0.064082388"
"1","
4372"
"1"," -0.146658280"
"1","
4477"
"1"," -0.494854385"
"1","
4652"
"1"," -0.144668506"
"1","
4697"
"1","  0.798617948"
"1","
4775"
"1"," -0.037905832"
"1","
4857"
"1","  0.161464853"
"1","
4995"
"1","  0.066690647"
"1","
5206"
"1"," -0.773557757"
"1","
5341"
"1"," -0.494854385"
"1","
5412"
"1"," -0.494854385"
"1","
5477"
"1"," -0.072390243"
"1","
5836"
"1"," -0.146658280"
"1","
5842"
"1","  0.161464853"
"1","
5920"
"1","  0.254370808"
"1","
6047"
"1"," -0.494854385"
"1","
6054"
"1"," -0.224337977"
"1","
6173"
"1"," -0.373054155"
"1","
6242"
"1"," -0.001336923"
"1","
6439"
"1","  0.194378956"
"1","
6474"
"1"," -0.072390243"
"1","
6530"
"1"," -0.001336923"
"1","
6876"
"1","  0.427910371"
"1","
7058"
"1","  0.311998905"
"1","
7128"
"1"," -0.305632720"
"1","
7141"
"1"," -0.256348259"
"1","
7290"
"1","  0.131872457"
"1","
7408"
"1"," -0.146658280"
"1","
7454"
"1"," -0.072390243"
"1","
7502"
"1"," -0.146658280"
"1","
7545"
"1"," -0.144668506"
"1","
7568"
"1"," -0.494854385"
"1","
7693"
"1"," -0.390750148"
"1","
7880"
"1"," -0.001336923"
"1","
7891"
"1"," -0.224337977"
"1","
7983"
"1","  0.343175406"
"1","
8054"
"1"," -0.072390243"
"1","
8204"
"1"," -0.373054155"
"1","
8444"
"1"," -0.494854385"
"1","
8515"
"1"," -0.373054155"
"1","
8562"
"1"," -0.256348259"
"1","
8651"
"1"," -0.224337977"
"1","
8702"
"1"," -0.144668506"
"1","
8730"
"1","  1.432625069"
"1","
8822"
"1","  0.311998905"
"1","
8927"
"1","  0.521563716"
"1","
9004"
"1"," -0.037905832"
"1","
9029"
"1"," -0.373054155"
"1","
9111"
"1"," -0.224337977"
"1","
9138"
"1"," -0.305632720"
"1","
9252"
"1"," -0.494854385"
"1","
9420"
"1"," -0.390750148"
"1","
9512"
"1"," -0.037905832"
"1","
9532"
"1"," -0.072390243"
"1","
9714"
"1","  0.472067952"
"1","
9796"
"1"," -0.494854385"
"1","
9817"
"1"," -0.037905832"
"1","
9850"
"1"," -0.373054155"
"1","
9979"
"1"," -0.479899195"
"1","
"
"1","
"
"1","
"
"1","
"
"1","$varFix
"
"1","           "
"1"," (Intercept)"
"1","      group1"
"1","        time"
"1"," group1:time"
"1","
(Intercept)"
"1","  0.02824551"
"1"," -0.02824551"
"1"," -0.01911802"
"1","  0.01911802"
"1","
group1     "
"1"," -0.02824551"
"1","  0.06073402"
"1","  0.01911802"
"1"," -0.04543707"
"1","
time       "
"1"," -0.01911802"
"1","  0.01911802"
"1","  0.03202572"
"1"," -0.03202572"
"1","
group1:time"
"1","  0.01911802"
"1"," -0.04543707"
"1"," -0.03202572"
"1","  0.06209768"
"1","
"
"1","
"
"1","$sigma
"
"1","[1]"
"1"," 1.423578"
"1","
"
"1","
"
"1","$apVar
"
"1","                "
"1"," reStruct.student"
"1","       lSigma"
"1","
reStruct.student"
"1","      0.015401091"
"1"," -0.002763488"
"1","
lSigma          "
"1","     -0.002763488"
"1","  0.004053288"
"1","
"
"1","attr(,""Pars"")"
"1","
"
"1","reStruct.student "
"1","          lSigma "
"1","
"
"1","      -0.4881051 "
"1","       0.3531736 "
"1","
"
"1","attr(,""natural"")"
"1","
"
"1","[1]"
"1"," TRUE"
"1","
"
"1","
"
"1","$logLik
"
"1","[1]"
"1"," NA"
"1","
"
"1","
"
"1","$numIter
"
"1","NULL
"
"1","
"
"1","$groups
"
"1","   "
"1"," student"
"1","
1  "
"1","    0445"
"1","
2  "
"1","    1318"
"1","
3  "
"1","    2752"
"1","
4  "
"1","    2957"
"1","
5  "
"1","    3143"
"1","
6  "
"1","    6242"
"1","
7  "
"1","    7408"
"1","
8  "
"1","    8702"
"1","
9  "
"1","    9029"
"1","
10 "
"1","    9420"
"1","
11 "
"1","    0445"
"1","
12 "
"1","    1318"
"1","
13 "
"1","    2752"
"1","
14 "
"1","    2957"
"1","
15 "
"1","    3143"
"1","
16 "
"1","    6242"
"1","
17 "
"1","    7408"
"1","
18 "
"1","    8702"
"1","
19 "
"1","    9029"
"1","
20 "
"1","    9420"
"1","
21 "
"1","    0225"
"1","
22 "
"1","    4372"
"1","
23 "
"1","    9532"
"1","
24 "
"1","    0225"
"1","
25 "
"1","    4372"
"1","
26 "
"1","    9532"
"1","
27 "
"1","    0269"
"1","
28 "
"1","    0381"
"1","
29 "
"1","    1197"
"1","
30 "
"1","    1873"
"1","
31 "
"1","    6439"
"1","
32 "
"1","    7290"
"1","
33 "
"1","    7880"
"1","
34 "
"1","    0269"
"1","
35 "
"1","    0381"
"1","
36 "
"1","    1197"
"1","
37 "
"1","    1873"
"1","
38 "
"1","    6439"
"1","
39 "
"1","    7290"
"1","
40 "
"1","    7880"
"1","
41 "
"1","    0236"
"1","
42 "
"1","    2192"
"1","
43 "
"1","    0236"
"1","
44 "
"1","    2192"
"1","
45 "
"1","    0046"
"1","
46 "
"1","    0990"
"1","
47 "
"1","    1333"
"1","
48 "
"1","    2142"
"1","
49 "
"1","    2531"
"1","
50 "
"1","    2547"
"1","
51 "
"1","    2966"
"1","
52 "
"1","    3128"
"1","
53 "
"1","    3412"
"1","
54 "
"1","    3482"
"1","
55 "
"1","    4342"
"1","
56 "
"1","    4477"
"1","
57 "
"1","    5341"
"1","
58 "
"1","    5842"
"1","
59 "
"1","    5920"
"1","
60 "
"1","    6054"
"1","
61 "
"1","    6474"
"1","
62 "
"1","    7058"
"1","
63 "
"1","    7454"
"1","
64 "
"1","    8562"
"1","
65 "
"1","    8651"
"1","
66 "
"1","    9138"
"1","
67 "
"1","    9796"
"1","
68 "
"1","    9850"
"1","
69 "
"1","    9979"
"1","
70 "
"1","    0046"
"1","
71 "
"1","    0990"
"1","
72 "
"1","    1333"
"1","
73 "
"1","    2142"
"1","
74 "
"1","    2531"
"1","
75 "
"1","    2547"
"1","
76 "
"1","    2966"
"1","
77 "
"1","    3128"
"1","
78 "
"1","    3412"
"1","
79 "
"1","    3482"
"1","
80 "
"1","    4342"
"1","
81 "
"1","    4477"
"1","
82 "
"1","    5341"
"1","
83 "
"1","    5842"
"1","
84 "
"1","    5920"
"1","
85 "
"1","    6054"
"1","
86 "
"1","    6474"
"1","
87 "
"1","    7058"
"1","
88 "
"1","    7454"
"1","
89 "
"1","    8562"
"1","
90 "
"1","    8651"
"1","
91 "
"1","    9138"
"1","
92 "
"1","    9796"
"1","
93 "
"1","    9850"
"1","
94 "
"1","    9979"
"1","
95 "
"1","    0258"
"1","
96 "
"1","    1000"
"1","
97 "
"1","    1049"
"1","
98 "
"1","    1092"
"1","
99 "
"1","    1143"
"1","
100"
"1","    1194"
"1","
101"
"1","    1531"
"1","
102"
"1","    2055"
"1","
103"
"1","    2161"
"1","
104"
"1","    2356"
"1","
105"
"1","    2473"
"1","
106"
"1","    2592"
"1","
107"
"1","    2611"
"1","
108"
"1","    3183"
"1","
109"
"1","    3290"
"1","
110"
"1","    3445"
"1","
111"
"1","    3512"
"1","
112"
"1","    3554"
"1","
113"
"1","    4047"
"1","
114"
"1","    4246"
"1","
115"
"1","    4293"
"1","
116"
"1","    4338"
"1","
117"
"1","    4652"
"1","
118"
"1","    4697"
"1","
119"
"1","    4775"
"1","
120"
"1","    4857"
"1","
121"
"1","    5206"
"1","
122"
"1","    5412"
"1","
123"
"1","    5477"
"1","
124"
"1","    6047"
"1","
125"
"1","    6173"
"1","
126"
"1","    6530"
"1","
127"
"1","    6876"
"1","
128"
"1","    7141"
"1","
129"
"1","    7502"
"1","
130"
"1","    7545"
"1","
131"
"1","    7568"
"1","
132"
"1","    8444"
"1","
133"
"1","    8515"
"1","
134"
"1","    8822"
"1","
135"
"1","    8927"
"1","
136"
"1","    9252"
"1","
137"
"1","    9512"
"1","
138"
"1","    9714"
"1","
139"
"1","    9817"
"1","
140"
"1","    0258"
"1","
141"
"1","    1000"
"1","
142"
"1","    1049"
"1","
143"
"1","    1092"
"1","
144"
"1","    1143"
"1","
145"
"1","    1194"
"1","
146"
"1","    1531"
"1","
147"
"1","    2055"
"1","
148"
"1","    2161"
"1","
149"
"1","    2356"
"1","
150"
"1","    2473"
"1","
151"
"1","    2592"
"1","
152"
"1","    2611"
"1","
153"
"1","    3183"
"1","
154"
"1","    3290"
"1","
155"
"1","    3445"
"1","
156"
"1","    3512"
"1","
157"
"1","    3554"
"1","
158"
"1","    4047"
"1","
159"
"1","    4246"
"1","
160"
"1","    4293"
"1","
161"
"1","    4338"
"1","
162"
"1","    4652"
"1","
163"
"1","    4697"
"1","
164"
"1","    4775"
"1","
165"
"1","    4857"
"1","
166"
"1","    5206"
"1","
167"
"1","    5412"
"1","
168"
"1","    5477"
"1","
169"
"1","    6047"
"1","
170"
"1","    6173"
"1","
171"
"1","    6530"
"1","
172"
"1","    6876"
"1","
173"
"1","    7141"
"1","
174"
"1","    7502"
"1","
175"
"1","    7545"
"1","
176"
"1","    7568"
"1","
177"
"1","    8444"
"1","
178"
"1","    8515"
"1","
179"
"1","    8822"
"1","
180"
"1","    8927"
"1","
181"
"1","    9252"
"1","
182"
"1","    9512"
"1","
183"
"1","    9714"
"1","
184"
"1","    9817"
"1","
185"
"1","    0234"
"1","
186"
"1","    1414"
"1","
187"
"1","    1721"
"1","
188"
"1","    2070"
"1","
189"
"1","    2994"
"1","
190"
"1","    3310"
"1","
191"
"1","    3822"
"1","
192"
"1","    3998"
"1","
193"
"1","    4995"
"1","
194"
"1","    7891"
"1","
195"
"1","    8730"
"1","
196"
"1","    9111"
"1","
197"
"1","    0234"
"1","
198"
"1","    1414"
"1","
199"
"1","    1721"
"1","
200"
"1","    2070"
"1","
201"
"1","    2994"
"1","
202"
"1","    3310"
"1","
203"
"1","    3822"
"1","
204"
"1","    3998"
"1","
205"
"1","    4995"
"1","
206"
"1","    7891"
"1","
207"
"1","    8730"
"1","
208"
"1","    9111"
"1","
209"
"1","    0130"
"1","
210"
"1","    1716"
"1","
211"
"1","    2839"
"1","
212"
"1","    5836"
"1","
213"
"1","    7128"
"1","
214"
"1","    7693"
"1","
215"
"1","    7983"
"1","
216"
"1","    8054"
"1","
217"
"1","    8204"
"1","
218"
"1","    9004"
"1","
219"
"1","    0130"
"1","
220"
"1","    1716"
"1","
221"
"1","    2839"
"1","
222"
"1","    5836"
"1","
223"
"1","    7128"
"1","
224"
"1","    7693"
"1","
225"
"1","    7983"
"1","
226"
"1","    8054"
"1","
227"
"1","    8204"
"1","
228"
"1","    9004"
"1","
"
"1","
"
"1","$call
"
"1","glmmPQL(fixed = DK ~ group + time + group:time, random = ~1 | 
"
"1","    student, family = poisson, data = df)
"
"1","
"
"1","$terms
"
"1","zz ~ group + time + group:time
"
"1","attr(,""variables"")"
"1","
"
"1","list(zz, group, time)
"
"1","attr(,""factors"")"
"1","
"
"1","     "
"1"," group"
"1"," time"
"1"," group:time"
"1","
zz   "
"1","     0"
"1","    0"
"1","          0"
"1","
group"
"1","     1"
"1","    0"
"1","          1"
"1","
time "
"1","     0"
"1","    1"
"1","          1"
"1","
"
"1","attr(,""term.labels"")"
"1","
"
"1","[1]"
"1"," ""group""     "
"1"," ""time""      "
"1"," ""group:time"""
"1","
"
"1","attr(,""order"")"
"1","
"
"1","[1]"
"1"," 1"
"1"," 1"
"1"," 2"
"1","
"
"1","attr(,""intercept"")"
"1","
"
"1","[1]"
"1"," 1"
"1","
"
"1","attr(,""response"")"
"1","
"
"1","[1]"
"1"," 1"
"1","
"
"1","attr(,"".Environment"")"
"1","
"
"1","<environment: R_GlobalEnv>
"
"1","attr(,""predvars"")"
"1","
"
"1","list(zz, group, time)
"
"1","attr(,""dataClasses"")"
"1","
"
"1","       zz "
"1","    group "
"1","     time "
"1","
"
"1","""numeric"" "
"1"," ""factor"" "
"1","""numeric"" "
"1","
"
"1","
"
"1","$method
"
"1","[1]"
"1"," ""ML"""
"1","
"
"1","
"
"1","$fitted
"
"1","   "
"1","     fixed"
"1","     student"
"1","
1  "
"1"," 0.5652051"
"1","  0.42053664"
"1","
2  "
"1"," 0.1182967"
"1","  0.43029556"
"1","
3  "
"1"," 0.5652051"
"1","  1.81694680"
"1","
4  "
"1"," 0.1182967"
"1"," -0.27245349"
"1","
5  "
"1"," 0.5652051"
"1","  0.90838055"
"1","
6  "
"1"," 0.1182967"
"1","  0.11695973"
"1","
7  "
"1"," 0.1182967"
"1"," -0.02836162"
"1","
8  "
"1"," 0.5652051"
"1","  0.42053664"
"1","
9  "
"1"," 0.5652051"
"1","  0.19215099"
"1","
10 "
"1"," 0.1182967"
"1"," -0.27245349"
"1","
11 "
"1"," 0.9580119"
"1","  0.81334335"
"1","
12 "
"1"," 2.0660604"
"1","  2.37805928"
"1","
13 "
"1"," 0.9580119"
"1","  2.20975351"
"1","
14 "
"1"," 2.0660604"
"1","  1.67531023"
"1","
15 "
"1"," 0.9580119"
"1","  1.30118726"
"1","
16 "
"1"," 2.0660604"
"1","  2.06472345"
"1","
17 "
"1"," 2.0660604"
"1","  1.91940209"
"1","
18 "
"1"," 0.9580119"
"1","  0.81334335"
"1","
19 "
"1"," 0.9580119"
"1","  0.58495770"
"1","
20 "
"1"," 2.0660604"
"1","  1.67531023"
"1","
21 "
"1"," 0.1182967"
"1"," -0.27245349"
"1","
22 "
"1"," 0.1182967"
"1"," -0.02836162"
"1","
23 "
"1"," 0.1182967"
"1","  0.04590641"
"1","
24 "
"1"," 2.0660604"
"1","  1.67531023"
"1","
25 "
"1"," 2.0660604"
"1","  1.91940209"
"1","
26 "
"1"," 2.0660604"
"1","  1.99367013"
"1","
27 "
"1"," 0.1182967"
"1"," -0.18733606"
"1","
28 "
"1"," 0.1182967"
"1","  0.82135022"
"1","
29 "
"1"," 0.1182967"
"1","  0.59036461"
"1","
30 "
"1"," 0.1182967"
"1","  0.18498730"
"1","
31 "
"1"," 0.1182967"
"1","  0.31267561"
"1","
32 "
"1"," 0.1182967"
"1","  0.25016911"
"1","
33 "
"1"," 0.1182967"
"1","  0.11695973"
"1","
34 "
"1"," 2.0660604"
"1","  1.76042765"
"1","
35 "
"1"," 2.0660604"
"1","  2.76911394"
"1","
36 "
"1"," 2.0660604"
"1","  2.53812833"
"1","
37 "
"1"," 2.0660604"
"1","  2.13275102"
"1","
38 "
"1"," 2.0660604"
"1","  2.26043933"
"1","
39 "
"1"," 2.0660604"
"1","  2.19793283"
"1","
40 "
"1"," 2.0660604"
"1","  2.06472345"
"1","
41 "
"1"," 0.1182967"
"1","  0.63986037"
"1","
42 "
"1"," 0.5652051"
"1","  2.03939593"
"1","
43 "
"1"," 2.0660604"
"1","  2.58762409"
"1","
44 "
"1"," 0.9580119"
"1","  2.43220264"
"1","
45 "
"1"," 0.5652051"
"1","  0.99311552"
"1","
46 "
"1"," 0.1182967"
"1","  0.48570122"
"1","
47 "
"1"," 0.1182967"
"1","  0.63986037"
"1","
48 "
"1"," 0.1182967"
"1","  0.18498730"
"1","
49 "
"1"," 0.1182967"
"1"," -0.27245349"
"1","
50 "
"1"," 0.1182967"
"1","  0.63986037"
"1","
51 "
"1"," 0.5652051"
"1","  0.07035076"
"1","
52 "
"1"," 0.5652051"
"1","  0.07035076"
"1","
53 "
"1"," 0.1182967"
"1","  0.11695973"
"1","
54 "
"1"," 0.1182967"
"1"," -0.65526110"
"1","
55 "
"1"," 0.5652051"
"1","  0.62928753"
"1","
56 "
"1"," 0.5652051"
"1","  0.07035076"
"1","
57 "
"1"," 0.5652051"
"1","  0.07035076"
"1","
58 "
"1"," 0.5652051"
"1","  0.72667000"
"1","
59 "
"1"," 0.1182967"
"1","  0.37266746"
"1","
60 "
"1"," 0.1182967"
"1"," -0.10604132"
"1","
61 "
"1"," 0.1182967"
"1","  0.04590641"
"1","
62 "
"1"," 0.1182967"
"1","  0.43029556"
"1","
63 "
"1"," 0.1182967"
"1","  0.04590641"
"1","
64 "
"1"," 0.5652051"
"1","  0.30885689"
"1","
65 "
"1"," 0.1182967"
"1"," -0.10604132"
"1","
66 "
"1"," 0.1182967"
"1"," -0.18733606"
"1","
67 "
"1"," 0.5652051"
"1","  0.07035076"
"1","
68 "
"1"," 0.5652051"
"1","  0.19215099"
"1","
69 "
"1"," 0.1182967"
"1"," -0.36160254"
"1","
70 "
"1"," 0.9580119"
"1","  1.38592223"
"1","
71 "
"1"," 2.0660604"
"1","  2.43346494"
"1","
72 "
"1"," 2.0660604"
"1","  2.58762409"
"1","
73 "
"1"," 2.0660604"
"1","  2.13275102"
"1","
74 "
"1"," 2.0660604"
"1","  1.67531023"
"1","
75 "
"1"," 2.0660604"
"1","  2.58762409"
"1","
76 "
"1"," 0.9580119"
"1","  0.46315747"
"1","
77 "
"1"," 0.9580119"
"1","  0.46315747"
"1","
78 "
"1"," 2.0660604"
"1","  2.06472345"
"1","
79 "
"1"," 2.0660604"
"1","  1.29250262"
"1","
80 "
"1"," 0.9580119"
"1","  1.02209425"
"1","
81 "
"1"," 0.9580119"
"1","  0.46315747"
"1","
82 "
"1"," 0.9580119"
"1","  0.46315747"
"1","
83 "
"1"," 0.9580119"
"1","  1.11947671"
"1","
84 "
"1"," 2.0660604"
"1","  2.32043118"
"1","
85 "
"1"," 2.0660604"
"1","  1.84172240"
"1","
86 "
"1"," 2.0660604"
"1","  1.99367013"
"1","
87 "
"1"," 2.0660604"
"1","  2.37805928"
"1","
88 "
"1"," 2.0660604"
"1","  1.99367013"
"1","
89 "
"1"," 0.9580119"
"1","  0.70166360"
"1","
90 "
"1"," 2.0660604"
"1","  1.84172240"
"1","
91 "
"1"," 2.0660604"
"1","  1.76042765"
"1","
92 "
"1"," 0.9580119"
"1","  0.46315747"
"1","
93 "
"1"," 0.9580119"
"1","  0.58495770"
"1","
94 "
"1"," 2.0660604"
"1","  1.58616118"
"1","
95 "
"1"," 0.1182967"
"1"," -0.02836162"
"1","
96 "
"1"," 0.1182967"
"1"," -0.65526110"
"1","
97 "
"1"," 0.5652051"
"1","  0.42053664"
"1","
98 "
"1"," 0.1182967"
"1","  0.37266746"
"1","
99 "
"1"," 0.1182967"
"1","  0.48570122"
"1","
100"
"1"," 0.1182967"
"1","  0.11695973"
"1","
101"
"1"," 0.5652051"
"1","  0.42053664"
"1","
102"
"1"," 0.1182967"
"1"," -0.02836162"
"1","
103"
"1"," 0.1182967"
"1","  0.37266746"
"1","
104"
"1"," 0.5652051"
"1","  0.30885689"
"1","
105"
"1"," 0.1182967"
"1","  0.18498730"
"1","
106"
"1"," 0.5652051"
"1","  1.07404818"
"1","
107"
"1"," 0.1182967"
"1","  0.31267561"
"1","
108"
"1"," 0.5652051"
"1","  1.36382309"
"1","
109"
"1"," 0.1182967"
"1"," -0.18733606"
"1","
110"
"1"," 0.1182967"
"1","  0.37266746"
"1","
111"
"1"," 0.1182967"
"1"," -0.65526110"
"1","
112"
"1"," 0.5652051"
"1","  0.81963433"
"1","
113"
"1"," 0.5652051"
"1","  2.03939593"
"1","
114"
"1"," 0.5652051"
"1","  0.07035076"
"1","
115"
"1"," 0.5652051"
"1","  0.19215099"
"1","
116"
"1"," 0.5652051"
"1","  0.99311552"
"1","
117"
"1"," 0.5652051"
"1","  0.42053664"
"1","
118"
"1"," 0.5652051"
"1","  1.36382309"
"1","
119"
"1"," 0.5652051"
"1","  0.52729932"
"1","
120"
"1"," 0.5652051"
"1","  0.72667000"
"1","
121"
"1"," 0.1182967"
"1"," -0.65526110"
"1","
122"
"1"," 0.5652051"
"1","  0.07035076"
"1","
123"
"1"," 0.1182967"
"1","  0.04590641"
"1","
124"
"1"," 0.5652051"
"1","  0.07035076"
"1","
125"
"1"," 0.5652051"
"1","  0.19215099"
"1","
126"
"1"," 0.1182967"
"1","  0.11695973"
"1","
127"
"1"," 0.5652051"
"1","  0.99311552"
"1","
128"
"1"," 0.5652051"
"1","  0.30885689"
"1","
129"
"1"," 0.1182967"
"1"," -0.02836162"
"1","
130"
"1"," 0.5652051"
"1","  0.42053664"
"1","
131"
"1"," 0.5652051"
"1","  0.07035076"
"1","
132"
"1"," 0.5652051"
"1","  0.07035076"
"1","
133"
"1"," 0.5652051"
"1","  0.19215099"
"1","
134"
"1"," 0.1182967"
"1","  0.43029556"
"1","
135"
"1"," 0.1182967"
"1","  0.63986037"
"1","
136"
"1"," 0.5652051"
"1","  0.07035076"
"1","
137"
"1"," 0.5652051"
"1","  0.52729932"
"1","
138"
"1"," 0.1182967"
"1","  0.59036461"
"1","
139"
"1"," 0.5652051"
"1","  0.52729932"
"1","
140"
"1"," 2.0660604"
"1","  1.91940209"
"1","
141"
"1"," 2.0660604"
"1","  1.29250262"
"1","
142"
"1"," 0.9580119"
"1","  0.81334335"
"1","
143"
"1"," 2.0660604"
"1","  2.32043118"
"1","
144"
"1"," 2.0660604"
"1","  2.43346494"
"1","
145"
"1"," 2.0660604"
"1","  2.06472345"
"1","
146"
"1"," 0.9580119"
"1","  0.81334335"
"1","
147"
"1"," 2.0660604"
"1","  1.91940209"
"1","
148"
"1"," 2.0660604"
"1","  2.32043118"
"1","
149"
"1"," 0.9580119"
"1","  0.70166360"
"1","
150"
"1"," 2.0660604"
"1","  2.13275102"
"1","
151"
"1"," 0.9580119"
"1","  1.46685489"
"1","
152"
"1"," 2.0660604"
"1","  2.26043933"
"1","
153"
"1"," 0.9580119"
"1","  1.75662981"
"1","
154"
"1"," 2.0660604"
"1","  1.76042765"
"1","
155"
"1"," 2.0660604"
"1","  2.32043118"
"1","
156"
"1"," 2.0660604"
"1","  1.29250262"
"1","
157"
"1"," 0.9580119"
"1","  1.21244104"
"1","
158"
"1"," 0.9580119"
"1","  2.43220264"
"1","
159"
"1"," 0.9580119"
"1","  0.46315747"
"1","
160"
"1"," 0.9580119"
"1","  0.58495770"
"1","
161"
"1"," 0.9580119"
"1","  1.38592223"
"1","
162"
"1"," 0.9580119"
"1","  0.81334335"
"1","
163"
"1"," 0.9580119"
"1","  1.75662981"
"1","
164"
"1"," 0.9580119"
"1","  0.92010603"
"1","
165"
"1"," 0.9580119"
"1","  1.11947671"
"1","
166"
"1"," 2.0660604"
"1","  1.29250262"
"1","
167"
"1"," 0.9580119"
"1","  0.46315747"
"1","
168"
"1"," 2.0660604"
"1","  1.99367013"
"1","
169"
"1"," 0.9580119"
"1","  0.46315747"
"1","
170"
"1"," 0.9580119"
"1","  0.58495770"
"1","
171"
"1"," 2.0660604"
"1","  2.06472345"
"1","
172"
"1"," 0.9580119"
"1","  1.38592223"
"1","
173"
"1"," 0.9580119"
"1","  0.70166360"
"1","
174"
"1"," 2.0660604"
"1","  1.91940209"
"1","
175"
"1"," 0.9580119"
"1","  0.81334335"
"1","
176"
"1"," 0.9580119"
"1","  0.46315747"
"1","
177"
"1"," 0.9580119"
"1","  0.46315747"
"1","
178"
"1"," 0.9580119"
"1","  0.58495770"
"1","
179"
"1"," 2.0660604"
"1","  2.37805928"
"1","
180"
"1"," 2.0660604"
"1","  2.58762409"
"1","
181"
"1"," 0.9580119"
"1","  0.46315747"
"1","
182"
"1"," 0.9580119"
"1","  0.92010603"
"1","
183"
"1"," 2.0660604"
"1","  2.53812833"
"1","
184"
"1"," 0.9580119"
"1","  0.92010603"
"1","
185"
"1"," 0.5652051"
"1","  0.81963433"
"1","
186"
"1"," 0.1182967"
"1","  0.31267561"
"1","
187"
"1"," 0.5652051"
"1","  0.07035076"
"1","
188"
"1"," 0.1182967"
"1","  0.73371513"
"1","
189"
"1"," 0.5652051"
"1","  0.07035076"
"1","
190"
"1"," 0.5652051"
"1","  0.42053664"
"1","
191"
"1"," 0.1182967"
"1"," -0.02836162"
"1","
192"
"1"," 0.1182967"
"1","  0.98053826"
"1","
193"
"1"," 0.1182967"
"1","  0.18498730"
"1","
194"
"1"," 0.1182967"
"1"," -0.10604132"
"1","
195"
"1"," 0.5652051"
"1","  1.99783022"
"1","
196"
"1"," 0.1182967"
"1"," -0.10604132"
"1","
197"
"1"," 0.9580119"
"1","  1.21244104"
"1","
198"
"1"," 2.0660604"
"1","  2.26043933"
"1","
199"
"1"," 0.9580119"
"1","  0.46315747"
"1","
200"
"1"," 2.0660604"
"1","  2.68147885"
"1","
201"
"1"," 0.9580119"
"1","  0.46315747"
"1","
202"
"1"," 0.9580119"
"1","  0.81334335"
"1","
203"
"1"," 2.0660604"
"1","  1.91940209"
"1","
204"
"1"," 2.0660604"
"1","  2.92830197"
"1","
205"
"1"," 2.0660604"
"1","  2.13275102"
"1","
206"
"1"," 2.0660604"
"1","  1.84172240"
"1","
207"
"1"," 0.9580119"
"1","  2.39063693"
"1","
208"
"1"," 2.0660604"
"1","  1.84172240"
"1","
209"
"1"," 0.1182967"
"1","  0.25016911"
"1","
210"
"1"," 0.1182967"
"1"," -0.27245349"
"1","
211"
"1"," 0.1182967"
"1","  0.53901650"
"1","
212"
"1"," 0.1182967"
"1"," -0.02836162"
"1","
213"
"1"," 0.1182967"
"1"," -0.18733606"
"1","
214"
"1"," 0.1182967"
"1"," -0.27245349"
"1","
215"
"1"," 0.5652051"
"1","  0.90838055"
"1","
216"
"1"," 0.1182967"
"1","  0.04590641"
"1","
217"
"1"," 0.5652051"
"1","  0.19215099"
"1","
218"
"1"," 0.5652051"
"1","  0.52729932"
"1","
219"
"1"," 2.0660604"
"1","  2.19793283"
"1","
220"
"1"," 2.0660604"
"1","  1.67531023"
"1","
221"
"1"," 2.0660604"
"1","  2.48678022"
"1","
222"
"1"," 2.0660604"
"1","  1.91940209"
"1","
223"
"1"," 2.0660604"
"1","  1.76042765"
"1","
224"
"1"," 2.0660604"
"1","  1.67531023"
"1","
225"
"1"," 0.9580119"
"1","  1.30118726"
"1","
226"
"1"," 2.0660604"
"1","  1.99367013"
"1","
227"
"1"," 0.9580119"
"1","  0.58495770"
"1","
228"
"1"," 0.9580119"
"1","  0.92010603"
"1","
"
"1","
"
"1","$residuals
"
"1","   "
"1","       fixed"
"1","       student"
"1","
1  "
"1"," -1.14482651"
"1"," -1.0001580045"
"1","
2  "
"1","  1.26287263"
"1","  0.9508737233"
"1","
3  "
"1","  1.55181663"
"1","  0.3000749778"
"1","
4  "
"1"," -1.39094640"
"1"," -1.0001962486"
"1","
5  "
"1"," -0.25358902"
"1"," -0.5967644214"
"1","
6  "
"1"," -0.11171778"
"1"," -0.1103808615"
"1","
7  "
"1"," -1.14673449"
"1"," -1.0000762127"
"1","
8  "
"1"," -1.14482651"
"1"," -1.0001580045"
"1","
9  "
"1"," -1.37336593"
"1"," -1.0003117764"
"1","
10 "
"1"," -1.39094640"
"1"," -1.0001962486"
"1","
11 "
"1","  0.18550337"
"1","  0.3301718742"
"1","
12 "
"1","  0.33203132"
"1","  0.0200324179"
"1","
13 "
"1","  1.78776022"
"1","  0.5360185668"
"1","
14 "
"1"," -0.64179907"
"1"," -0.2510489219"
"1","
15 "
"1","  1.24854489"
"1","  0.9053694873"
"1","
16 "
"1","  0.01349026"
"1","  0.0148271860"
"1","
17 "
"1"," -0.11979371"
"1","  0.0268645680"
"1","
18 "
"1","  0.18550337"
"1","  0.3301718742"
"1","
19 "
"1"," -0.81606278"
"1"," -0.4430086233"
"1","
20 "
"1"," -0.64179907"
"1"," -0.2510489219"
"1","
21 "
"1"," -1.39094640"
"1"," -1.0001962486"
"1","
22 "
"1"," -1.14673449"
"1"," -1.0000762127"
"1","
23 "
"1","  3.70343569"
"1","  3.7758259320"
"1","
24 "
"1"," -0.64179907"
"1"," -0.2510489219"
"1","
25 "
"1"," -0.11979371"
"1","  0.0268645680"
"1","
26 "
"1"," -0.66383278"
"1"," -0.5914425394"
"1","
27 "
"1","  1.10664621"
"1","  1.4122789329"
"1","
28 "
"1","  1.02251720"
"1","  0.3194636312"
"1","
29 "
"1","  1.68842754"
"1","  1.2163595896"
"1","
30 "
"1"," -0.93330170"
"1"," -0.9999923486"
"1","
31 "
"1","  0.65733071"
"1","  0.4629517560"
"1","
32 "
"1"," -0.08945194"
"1"," -0.2213243929"
"1","
33 "
"1","  2.55719060"
"1","  2.5585275194"
"1","
34 "
"1"," -0.78979212"
"1"," -0.4841594005"
"1","
35 "
"1","  0.89465797"
"1","  0.1916043999"
"1","
36 "
"1","  0.49924875"
"1","  0.0271808017"
"1","
37 "
"1","  0.25179742"
"1","  0.1851067752"
"1","
38 "
"1","  0.23742336"
"1","  0.0430444074"
"1","
39 "
"1","  0.24219365"
"1","  0.1103211906"
"1","
40 "
"1"," -0.36707630"
"1"," -0.3657393794"
"1","
41 "
"1","  1.63088904"
"1","  1.1093253254"
"1","
42 "
"1","  2.29538529"
"1","  0.8211945076"
"1","
43 "
"1","  0.57433602"
"1","  0.0527722998"
"1","
44 "
"1","  1.61609844"
"1","  0.1419076575"
"1","
45 "
"1","  1.27990140"
"1","  0.8519910260"
"1","
46 "
"1","  1.21312181"
"1","  0.8457172476"
"1","
47 "
"1","  1.63088904"
"1","  1.1093253254"
"1","
48 "
"1","  2.39113220"
"1","  2.3244415572"
"1","
49 "
"1"," -1.39094640"
"1"," -1.0001962486"
"1","
50 "
"1"," -0.47831108"
"1"," -0.9998747995"
"1","
51 "
"1"," -1.49525605"
"1"," -1.0004016610"
"1","
52 "
"1"," -1.49525605"
"1"," -1.0004016610"
"1","
53 "
"1","  3.44682672"
"1","  3.4481636464"
"1","
54 "
"1"," -1.77399304"
"1"," -1.0004352823"
"1","
55 "
"1"," -0.93595329"
"1"," -1.0000356774"
"1","
56 "
"1"," -1.49525605"
"1"," -1.0004016610"
"1","
57 "
"1"," -1.49525605"
"1"," -1.0004016610"
"1","
58 "
"1","  0.61200732"
"1","  0.4505424641"
"1","
59 "
"1"," -0.74556342"
"1"," -0.9999342271"
"1","
60 "
"1"," -1.22444958"
"1"," -1.0001116071"
"1","
61 "
"1"," -1.07243506"
"1"," -1.0000448143"
"1","
62 "
"1"," -0.68792028"
"1"," -0.9999191808"
"1","
63 "
"1"," -1.07243506"
"1"," -1.0000448143"
"1","
64 "
"1","  0.21233157"
"1","  0.4686798335"
"1","
65 "
"1","  3.22351808"
"1","  3.4478560617"
"1","
66 "
"1","  4.72529180"
"1","  5.0309245162"
"1","
67 "
"1"," -1.49525605"
"1"," -1.0004016610"
"1","
68 "
"1"," -1.37336593"
"1"," -1.0003117764"
"1","
69 "
"1"," -1.48014569"
"1"," -1.0002464985"
"1","
70 "
"1","  0.42828253"
"1","  0.0003721607"
"1","
71 "
"1","  0.42018742"
"1","  0.0527828569"
"1","
72 "
"1","  0.57433602"
"1","  0.0527722998"
"1","
73 "
"1"," -0.22224223"
"1"," -0.2889328743"
"1","
74 "
"1"," -0.64179907"
"1"," -0.2510489219"
"1","
75 "
"1","  0.87509233"
"1","  0.3535286139"
"1","
76 "
"1"," -1.49525605"
"1"," -1.0004016610"
"1","
77 "
"1"," -1.49525605"
"1"," -1.0004016610"
"1","
78 "
"1"," -0.49393182"
"1"," -0.4925949012"
"1","
79 "
"1"," -1.77399304"
"1"," -1.0004352823"
"1","
80 "
"1","  0.86331368"
"1","  0.7992312937"
"1","
81 "
"1"," -1.49525605"
"1"," -1.0004016610"
"1","
82 "
"1"," -1.49525605"
"1"," -1.0004016610"
"1","
83 "
"1","  0.14081690"
"1"," -0.0206479548"
"1","
84 "
"1","  0.53135846"
"1","  0.2769876547"
"1","
85 "
"1"," -0.27307872"
"1"," -0.0487407446"
"1","
86 "
"1","  0.01717101"
"1","  0.0895612522"
"1","
87 "
"1","  0.61019994"
"1","  0.2982010357"
"1","
88 "
"1","  0.01717101"
"1","  0.0895612522"
"1","
89 "
"1"," -1.25657896"
"1"," -1.0002307002"
"1","
90 "
"1"," -0.90732596"
"1"," -0.6829879863"
"1","
91 "
"1"," -1.30578418"
"1"," -1.0001514559"
"1","
92 "
"1"," -1.49525605"
"1"," -1.0004016610"
"1","
93 "
"1"," -0.81606278"
"1"," -0.4430086233"
"1","
94 "
"1"," -0.86586444"
"1"," -0.3859652479"
"1","
95 "
"1"," -1.14673449"
"1"," -1.0000762127"
"1","
96 "
"1"," -1.77399304"
"1"," -1.0004352823"
"1","
97 "
"1"," -1.14482651"
"1"," -1.0001580045"
"1","
98 "
"1","  2.69868142"
"1","  2.4443106087"
"1","
99 "
"1"," -0.63250134"
"1"," -0.9999059032"
"1","
100"
"1"," -1.00135391"
"1"," -1.0000169884"
"1","
101"
"1","  0.16876966"
"1","  0.3134381650"
"1","
102"
"1"," -0.11788844"
"1","  0.0287698385"
"1","
103"
"1"," -0.74556342"
"1"," -0.9999342271"
"1","
104"
"1","  0.21233157"
"1","  0.4686798335"
"1","
105"
"1"," -0.93330170"
"1"," -0.9999923486"
"1","
106"
"1"," -0.14942729"
"1"," -0.6582703293"
"1","
107"
"1","  1.38878222"
"1","  1.1944032666"
"1","
108"
"1","  1.33257571"
"1","  0.5339577594"
"1","
109"
"1"," -1.30578418"
"1"," -1.0001514559"
"1","
110"
"1"," -0.05671445"
"1"," -0.3110852599"
"1","
111"
"1"," -1.77399304"
"1"," -1.0004352823"
"1","
112"
"1"," -0.30494467"
"1"," -0.5593738503"
"1","
113"
"1","  2.81561961"
"1","  1.3414288265"
"1","
114"
"1"," -1.49525605"
"1"," -1.0004016610"
"1","
115"
"1"," -0.54792636"
"1"," -0.1748722006"
"1","
116"
"1"," -0.57195680"
"1"," -0.9998671713"
"1","
117"
"1","  0.16876966"
"1","  0.3134381650"
"1","
118"
"1","  1.58819453"
"1","  0.7895765821"
"1","
119"
"1"," -1.03799901"
"1"," -1.0000931830"
"1","
120"
"1","  1.09551644"
"1","  0.9340515868"
"1","
121"
"1"," -1.77399304"
"1"," -1.0004352823"
"1","
122"
"1"," -1.49525605"
"1"," -1.0004016610"
"1","
123"
"1"," -1.07243506"
"1"," -1.0000448143"
"1","
124"
"1"," -1.49525605"
"1"," -1.0004016610"
"1","
125"
"1"," -1.37336593"
"1"," -1.0003117764"
"1","
126"
"1"," -1.00135391"
"1"," -1.0000169884"
"1","
127"
"1","  0.53915812"
"1","  0.1112477471"
"1","
128"
"1"," -1.25657896"
"1"," -1.0002307002"
"1","
129"
"1","  0.91095761"
"1","  1.0576158897"
"1","
130"
"1"," -1.14482651"
"1"," -1.0001580045"
"1","
131"
"1"," -1.49525605"
"1"," -1.0004016610"
"1","
132"
"1"," -1.49525605"
"1"," -1.0004016610"
"1","
133"
"1"," -0.54792636"
"1"," -0.1748722006"
"1","
134"
"1"," -0.68792028"
"1"," -0.9999191808"
"1","
135"
"1"," -0.47831108"
"1"," -0.9998747995"
"1","
136"
"1"," -1.49525605"
"1"," -1.0004016610"
"1","
137"
"1","  0.73275625"
"1","  0.7706620772"
"1","
138"
"1","  0.02624494"
"1"," -0.4458230130"
"1","
139"
"1"," -1.03799901"
"1"," -1.0000931830"
"1","
140"
"1"," -0.11979371"
"1","  0.0268645680"
"1","
141"
"1"," -1.77399304"
"1"," -1.0004352823"
"1","
142"
"1","  0.18550337"
"1","  0.3301718742"
"1","
143"
"1","  0.04023466"
"1"," -0.2141361460"
"1","
144"
"1","  0.68335961"
"1","  0.3159550469"
"1","
145"
"1","  0.14034579"
"1","  0.1416827078"
"1","
146"
"1"," -0.70138322"
"1"," -0.5567147116"
"1","
147"
"1"," -0.26649954"
"1"," -0.1198412578"
"1","
148"
"1","  0.53135846"
"1","  0.2769876547"
"1","
149"
"1"," -1.25657896"
"1"," -1.0002307002"
"1","
150"
"1","  0.25179742"
"1","  0.1851067752"
"1","
151"
"1","  1.58451625"
"1","  1.0756732107"
"1","
152"
"1","  0.13312380"
"1"," -0.0612551599"
"1","
153"
"1","  1.17953004"
"1","  0.3809120949"
"1","
154"
"1"," -0.44579742"
"1"," -0.1401646969"
"1","
155"
"1","  0.43313370"
"1","  0.1787628945"
"1","
156"
"1"," -1.77399304"
"1"," -1.0004352823"
"1","
157"
"1","  1.03920385"
"1","  0.7847746671"
"1","
158"
"1","  1.26485743"
"1"," -0.2093333478"
"1","
159"
"1"," -1.49525605"
"1"," -1.0004016610"
"1","
160"
"1"," -1.37336593"
"1"," -1.0003117764"
"1","
161"
"1","  1.67858170"
"1","  1.2506713258"
"1","
162"
"1"," -0.70138322"
"1"," -0.5567147116"
"1","
163"
"1","  1.00694663"
"1","  0.2083286860"
"1","
164"
"1","  0.55605668"
"1","  0.5939625077"
"1","
165"
"1"," -0.18562875"
"1"," -0.3470936045"
"1","
166"
"1"," -1.77399304"
"1"," -1.0004352823"
"1","
167"
"1"," -1.49525605"
"1"," -1.0004016610"
"1","
168"
"1","  0.01717101"
"1","  0.0895612522"
"1","
169"
"1"," -1.49525605"
"1"," -1.0004016610"
"1","
170"
"1"," -0.81606278"
"1"," -0.4430086233"
"1","
171"
"1","  0.14034579"
"1","  0.1416827078"
"1","
172"
"1","  0.92840220"
"1","  0.5004918268"
"1","
173"
"1"," -0.26483045"
"1"," -0.0084821870"
"1","
174"
"1"," -0.41320536"
"1"," -0.2665470836"
"1","
175"
"1","  0.18550337"
"1","  0.3301718742"
"1","
176"
"1"," -1.49525605"
"1"," -1.0004016610"
"1","
177"
"1"," -1.49525605"
"1"," -1.0004016610"
"1","
178"
"1"," -1.37336593"
"1"," -1.0003117764"
"1","
179"
"1","  0.61019994"
"1","  0.2982010357"
"1","
180"
"1","  0.87509233"
"1","  0.3535286139"
"1","
181"
"1"," -1.49525605"
"1"," -1.0004016610"
"1","
182"
"1"," -0.63948509"
"1"," -0.6015792603"
"1","
183"
"1","  0.73626368"
"1","  0.2641957284"
"1","
184"
"1","  0.55605668"
"1","  0.5939625077"
"1","
185"
"1"," -0.30494467"
"1"," -0.5593738503"
"1","
186"
"1"," -0.07412080"
"1"," -0.2684997546"
"1","
187"
"1"," -1.49525605"
"1"," -1.0004016610"
"1","
188"
"1","  2.01583190"
"1","  1.4004134206"
"1","
189"
"1"," -1.49525605"
"1"," -1.0004016610"
"1","
190"
"1"," -0.48802843"
"1"," -0.3433599198"
"1","
191"
"1"," -1.14673449"
"1"," -1.0000762127"
"1","
192"
"1"," -0.13759045"
"1"," -0.9998320453"
"1","
193"
"1"," -0.93330170"
"1"," -0.9999923486"
"1","
194"
"1"," -1.22444958"
"1"," -1.0001116071"
"1","
195"
"1","  2.19553451"
"1","  0.7629094429"
"1","
196"
"1"," -1.22444958"
"1"," -1.0001116071"
"1","
197"
"1","  1.03920385"
"1","  0.7847746671"
"1","
198"
"1","  0.34172293"
"1","  0.1473439746"
"1","
199"
"1"," -1.49525605"
"1"," -1.0004016610"
"1","
200"
"1","  0.64234223"
"1","  0.0269237519"
"1","
201"
"1"," -1.49525605"
"1"," -1.0004016610"
"1","
202"
"1"," -0.25793992"
"1"," -0.1132714187"
"1","
203"
"1"," -0.11979371"
"1","  0.0268645680"
"1","
204"
"1","  1.25285840"
"1","  0.3906168056"
"1","
205"
"1","  0.25179742"
"1","  0.1851067752"
"1","
206"
"1"," -0.27307872"
"1"," -0.0487407446"
"1","
207"
"1","  1.62298498"
"1","  0.1903599077"
"1","
208"
"1"," -0.27307872"
"1"," -0.0487407446"
"1","
209"
"1","  1.46784037"
"1","  1.3359679122"
"1","
210"
"1"," -1.39094640"
"1"," -1.0001962486"
"1","
211"
"1"," -0.57917435"
"1"," -0.9998941956"
"1","
212"
"1"," -1.14673449"
"1"," -1.0000762127"
"1","
213"
"1"," -1.30578418"
"1"," -1.0001514559"
"1","
214"
"1"," -1.39094640"
"1"," -1.0001962486"
"1","
215"
"1","  0.55268457"
"1","  0.2095091638"
"1","
216"
"1"," -0.11726091"
"1"," -0.0448706651"
"1","
217"
"1"," -1.37336593"
"1"," -1.0003117764"
"1","
218"
"1","  1.32300800"
"1","  1.3609138306"
"1","
219"
"1","  0.02013530"
"1"," -0.1117371566"
"1","
220"
"1"," -0.64179907"
"1"," -0.2510489219"
"1","
221"
"1","  0.75152243"
"1","  0.3308025859"
"1","
222"
"1"," -0.11979371"
"1","  0.0268645680"
"1","
223"
"1"," -0.44579742"
"1"," -0.1401646969"
"1","
224"
"1"," -0.64179907"
"1"," -0.2510489219"
"1","
225"
"1","  0.70418184"
"1","  0.3610064298"
"1","
226"
"1"," -0.11902975"
"1"," -0.0466395061"
"1","
227"
"1"," -0.81606278"
"1"," -0.4430086233"
"1","
228"
"1"," -1.03799901"
"1"," -1.0000931830"
"1","
"
"1","attr(,""std"")"
"1","
"
"1","  [1]"
"1"," 1.1537116"
"1"," 1.1479588"
"1"," 0.5738096"
"1"," 1.6314977"
"1"," 0.9038733"
"1"," 1.3427265"
"1"," 1.4439646"
"1"," 1.1537116"
"1"," 1.2933736"
"1"," 1.6314977"
"1"," 0.9479826"
"1","
"
"1"," [12]"
"1"," 0.4334857"
"1"," 0.4714883"
"1"," 0.6160769"
"1"," 0.7426953"
"1"," 0.5070328"
"1"," 0.5452617"
"1"," 0.9479826"
"1"," 1.0627402"
"1"," 0.6160769"
"1"," 1.6314977"
"1"," 1.4439646"
"1","
"
"1"," [23]"
"1"," 1.3913059"
"1"," 0.6160769"
"1"," 0.5452617"
"1"," 0.5253771"
"1"," 1.5634851"
"1"," 0.9440488"
"1"," 1.0596442"
"1"," 1.2978072"
"1"," 1.2175144"
"1"," 1.2561787"
"1"," 1.3427265"
"1","
"
"1"," [34]"
"1"," 0.5903944"
"1"," 0.3564864"
"1"," 0.4001369"
"1"," 0.4900706"
"1"," 0.4597509"
"1"," 0.4743511"
"1"," 0.5070328"
"1"," 1.0337374"
"1"," 0.5133941"
"1"," 0.3903541"
"1"," 0.4218460"
"1","
"
"1"," [45]"
"1"," 0.8663636"
"1"," 1.1165861"
"1"," 1.0337374"
"1"," 1.2978072"
"1"," 1.6314977"
"1"," 1.0337374"
"1"," 1.3746498"
"1"," 1.3746498"
"1"," 1.3427265"
"1"," 1.9758956"
"1"," 1.0393003"
"1","
"
"1"," [56]"
"1"," 1.3746498"
"1"," 1.3746498"
"1"," 0.9898826"
"1"," 1.1815262"
"1"," 1.5011779"
"1"," 1.3913059"
"1"," 1.1479588"
"1"," 1.3913059"
"1"," 1.2200118"
"1"," 1.5011779"
"1"," 1.5634851"
"1","
"
"1"," [67]"
"1"," 1.3746498"
"1"," 1.2933736"
"1"," 1.7059090"
"1"," 0.7118743"
"1"," 0.4216389"
"1"," 0.3903541"
"1"," 0.4900706"
"1"," 0.6160769"
"1"," 0.3903541"
"1"," 1.1295233"
"1"," 1.1295233"
"1","
"
"1"," [78]"
"1"," 0.5070328"
"1"," 0.7461265"
"1"," 0.8539730"
"1"," 1.1295233"
"1"," 1.1295233"
"1"," 0.8133674"
"1"," 0.4461612"
"1"," 0.5668663"
"1"," 0.5253771"
"1"," 0.4334857"
"1"," 0.5253771"
"1","
"
"1"," [89]"
"1"," 1.0024602"
"1"," 0.5668663"
"1"," 0.5903944"
"1"," 1.1295233"
"1"," 1.0627402"
"1"," 0.6441757"
"1"," 1.4439646"
"1"," 1.9758956"
"1"," 1.1537116"
"1"," 1.1815262"
"1"," 1.1165861"
"1","
"
"1","[100]"
"1"," 1.3427265"
"1"," 1.1537116"
"1"," 1.4439646"
"1"," 1.1815262"
"1"," 1.2200118"
"1"," 1.2978072"
"1"," 0.8319926"
"1"," 1.2175144"
"1"," 0.7197435"
"1"," 1.5634851"
"1"," 1.1815262"
"1","
"
"1","[111]"
"1"," 1.9758956"
"1"," 0.9449026"
"1"," 0.5133941"
"1"," 1.3746498"
"1"," 1.2933736"
"1"," 0.8663636"
"1"," 1.1537116"
"1"," 0.7197435"
"1"," 1.0937045"
"1"," 0.9898826"
"1"," 1.9758956"
"1","
"
"1","[122]"
"1"," 1.3746498"
"1"," 1.3913059"
"1"," 1.3746498"
"1"," 1.2933736"
"1"," 1.3427265"
"1"," 0.8663636"
"1"," 1.2200118"
"1"," 1.4439646"
"1"," 1.1537116"
"1"," 1.3746498"
"1"," 1.3746498"
"1","
"
"1","[133]"
"1"," 1.2933736"
"1"," 1.1479588"
"1"," 1.0337374"
"1"," 1.3746498"
"1"," 1.0937045"
"1"," 1.0596442"
"1"," 1.0937045"
"1"," 0.5452617"
"1"," 0.7461265"
"1"," 0.9479826"
"1"," 0.4461612"
"1","
"
"1","[144]"
"1"," 0.4216389"
"1"," 0.5070328"
"1"," 0.9479826"
"1"," 0.5452617"
"1"," 0.4461612"
"1"," 1.0024602"
"1"," 0.4900706"
"1"," 0.6836323"
"1"," 0.4597509"
"1"," 0.5913994"
"1"," 0.5903944"
"1","
"
"1","[155]"
"1"," 0.4461612"
"1"," 0.7461265"
"1"," 0.7764083"
"1"," 0.4218460"
"1"," 1.1295233"
"1"," 1.0627402"
"1"," 0.7118743"
"1"," 0.9479826"
"1"," 0.5913994"
"1"," 0.8986759"
"1"," 0.8133674"
"1","
"
"1","[166]"
"1"," 0.7461265"
"1"," 1.1295233"
"1"," 0.5253771"
"1"," 1.1295233"
"1"," 1.0627402"
"1"," 0.5070328"
"1"," 0.7118743"
"1"," 1.0024602"
"1"," 0.5452617"
"1"," 0.9479826"
"1"," 1.1295233"
"1","
"
"1","[177]"
"1"," 1.1295233"
"1"," 1.0627402"
"1"," 0.4334857"
"1"," 0.3903541"
"1"," 1.1295233"
"1"," 0.8986759"
"1"," 0.4001369"
"1"," 0.8986759"
"1"," 0.9449026"
"1"," 1.2175144"
"1"," 1.3746498"
"1","
"
"1","[188]"
"1"," 0.9863401"
"1"," 1.3746498"
"1"," 1.1537116"
"1"," 1.4439646"
"1"," 0.8718137"
"1"," 1.2978072"
"1"," 1.5011779"
"1"," 0.5241806"
"1"," 1.5011779"
"1"," 0.7764083"
"1"," 0.4597509"
"1","
"
"1","[199]"
"1"," 1.1295233"
"1"," 0.3724562"
"1"," 1.1295233"
"1"," 0.9479826"
"1"," 0.5452617"
"1"," 0.3292094"
"1"," 0.4900706"
"1"," 0.5668663"
"1"," 0.4307091"
"1"," 0.5668663"
"1"," 1.2561787"
"1","
"
"1","[210]"
"1"," 1.6314977"
"1"," 1.0872074"
"1"," 1.4439646"
"1"," 1.5634851"
"1"," 1.6314977"
"1"," 0.9038733"
"1"," 1.3913059"
"1"," 1.2933736"
"1"," 1.0937045"
"1"," 0.4743511"
"1"," 0.6160769"
"1","
"
"1","[221]"
"1"," 0.4105451"
"1"," 0.5452617"
"1"," 0.5903944"
"1"," 0.6160769"
"1"," 0.7426953"
"1"," 0.5253771"
"1"," 1.0627402"
"1"," 0.8986759"
"1","
"
"1","
"
"1","$fixDF
"
"1","$fixDF$X
"
"1","(Intercept) "
"1","     group1 "
"1","       time "
"1","group1:time "
"1","
"
"1","        112 "
"1","        112 "
"1","        112 "
"1","        112 "
"1","
"
"1","
"
"1","$fixDF$terms
"
"1","(Intercept) "
"1","      group "
"1","       time "
"1"," group:time "
"1","
"
"1","        112 "
"1","        112 "
"1","        112 "
"1","        112 "
"1","
"
"1","
"
"1","attr(,""assign"")"
"1","
"
"1","attr(,""assign"")$`(Intercept)`
"
"1","[1]"
"1"," 1"
"1","
"
"1","
"
"1","attr(,""assign"")$group
"
"1","[1]"
"1"," 2"
"1","
"
"1","
"
"1","attr(,""assign"")$time
"
"1","[1]"
"1"," 3"
"1","
"
"1","
"
"1","attr(,""assign"")$`group:time`
"
"1","[1]"
"1"," 4"
"1","
"
"1","
"
"1","attr(,""varFixFact"")"
"1","
"
"1","    "
"1","        [,1]"
"1","        [,2]"
"1","       [,3]"
"1","       [,4]"
"1","
[1,]"
"1"," -0.07780676"
"1","  0.00000000"
"1","  0.0000000"
"1","  0.0000000"
"1","
[2,]"
"1","  0.10382180"
"1"," -0.16213222"
"1","  0.0000000"
"1","  0.0000000"
"1","
[3,]"
"1","  0.07434239"
"1","  0.03465127"
"1"," -0.1245353"
"1","  0.0000000"
"1","
[4,]"
"1"," -0.07671939"
"1","  0.18233610"
"1","  0.1285172"
"1"," -0.2491941"
"1","
"
"1","
"
"1","$na.action
"
"1","NULL
"
"1","
"
"1","$data
"
"1","   "
"1"," DK"
"1"," group"
"1"," time"
"1"," student"
"1"," wts"
"1","            zz"
"1","      invwt"
"1","
1  "
"1","  0"
"1","     0"
"1","    0"
"1","    0445"
"1","   1"
"1"," -0.5796213632"
"1"," 0.65679808"
"1","
2  "
"1","  3"
"1","     1"
"1","    0"
"1","    1318"
"1","   1"
"1","  1.3811692854"
"1"," 0.65026430"
"1","
3  "
"1","  8"
"1","     0"
"1","    0"
"1","    2752"
"1","   1"
"1","  2.1170217759"
"1"," 0.16246993"
"1","
4  "
"1","  0"
"1","     1"
"1","    0"
"1","    2957"
"1","   1"
"1"," -1.2726497396"
"1"," 1.31344012"
"1","
5  "
"1","  1"
"1","     0"
"1","    0"
"1","    3143"
"1","   1"
"1","  0.3116161315"
"1"," 0.40313679"
"1","
6  "
"1","  1"
"1","     1"
"1","    0"
"1","    6242"
"1","   1"
"1","  0.0065788729"
"1"," 0.88963613"
"1","
7  "
"1","  0"
"1","     1"
"1","    0"
"1","    7408"
"1","   1"
"1"," -1.0284378356"
"1"," 1.02884605"
"1","
8  "
"1","  0"
"1","     0"
"1","    0"
"1","    8702"
"1","   1"
"1"," -0.5796213632"
"1"," 0.65679808"
"1","
9  "
"1","  0"
"1","     0"
"1","    0"
"1","    9029"
"1","   1"
"1"," -0.8081607846"
"1"," 0.82543958"
"1","
10 "
"1","  0"
"1","     1"
"1","    0"
"1","    9420"
"1","   1"
"1"," -1.2726497396"
"1"," 1.31344012"
"1","
11 "
"1","  3"
"1","     0"
"1","    1"
"1","    0445"
"1","   1"
"1","  1.1435152268"
"1"," 0.44344329"
"1","
12 "
"1"," 11"
"1","     1"
"1","    1"
"1","    1318"
"1","   1"
"1","  2.3980916976"
"1"," 0.09272287"
"1","
13 "
"1"," 14"
"1","     0"
"1","    1"
"1","    2752"
"1","   1"
"1","  2.7457720762"
"1"," 0.10969307"
"1","
14 "
"1","  4"
"1","     1"
"1","    1"
"1","    2957"
"1","   1"
"1","  1.4242613048"
"1"," 0.18728683"
"1","
15 "
"1","  7"
"1","     0"
"1","    1"
"1","    3143"
"1","   1"
"1","  2.2065567514"
"1"," 0.27218153"
"1","
16 "
"1","  8"
"1","     1"
"1","    1"
"1","    6242"
"1","   1"
"1","  2.0795506381"
"1"," 0.12685552"
"1","
17 "
"1","  7"
"1","     1"
"1","    1"
"1","    7408"
"1","   1"
"1","  1.9462666629"
"1"," 0.14670583"
"1","
18 "
"1","  3"
"1","     0"
"1","    1"
"1","    8702"
"1","   1"
"1","  1.1435152268"
"1"," 0.44344329"
"1","
19 "
"1","  1"
"1","     0"
"1","    1"
"1","    9029"
"1","   1"
"1","  0.1419490797"
"1"," 0.55730315"
"1","
20 "
"1","  4"
"1","     1"
"1","    1"
"1","    9420"
"1","   1"
"1","  1.4242613048"
"1"," 0.18728683"
"1","
21 "
"1","  0"
"1","     1"
"1","    0"
"1","    0225"
"1","   1"
"1"," -1.2726497396"
"1"," 1.31344012"
"1","
22 "
"1","  0"
"1","     1"
"1","    0"
"1","    4372"
"1","   1"
"1"," -1.0284378356"
"1"," 1.02884605"
"1","
23 "
"1","  5"
"1","     1"
"1","    0"
"1","    9532"
"1","   1"
"1","  3.8217323462"
"1"," 0.95517415"
"1","
24 "
"1","  4"
"1","     1"
"1","    1"
"1","    0225"
"1","   1"
"1","  1.4242613048"
"1"," 0.18728683"
"1","
25 "
"1","  7"
"1","     1"
"1","    1"
"1","    4372"
"1","   1"
"1","  1.9462666629"
"1"," 0.14670583"
"1","
26 "
"1","  3"
"1","     1"
"1","    1"
"1","    9532"
"1","   1"
"1","  1.4022275925"
"1"," 0.13620076"
"1","
27 "
"1","  2"
"1","     1"
"1","    0"
"1","    0269"
"1","   1"
"1","  1.2249428700"
"1"," 1.20621519"
"1","
28 "
"1","  3"
"1","     1"
"1","    0"
"1","    0381"
"1","   1"
"1","  1.1408138551"
"1"," 0.43977060"
"1","
29 "
"1","  4"
"1","     1"
"1","    0"
"1","    1197"
"1","   1"
"1","  1.8067241992"
"1"," 0.55406087"
"1","
30 "
"1","  0"
"1","     1"
"1","    0"
"1","    1873"
"1","   1"
"1"," -0.8150050446"
"1"," 0.83110848"
"1","
31 "
"1","  2"
"1","     1"
"1","    0"
"1","    6439"
"1","   1"
"1","  0.7756273695"
"1"," 0.73145151"
"1","
32 "
"1","  1"
"1","     1"
"1","    0"
"1","    7290"
"1","   1"
"1","  0.0288447218"
"1"," 0.77864615"
"1","
33 "
"1","  4"
"1","     1"
"1","    0"
"1","    7880"
"1","   1"
"1","  2.6754872538"
"1"," 0.88963613"
"1","
34 "
"1","  3"
"1","     1"
"1","    1"
"1","    0269"
"1","   1"
"1","  1.2762682542"
"1"," 0.17199735"
"1","
35 "
"1"," 19"
"1","     1"
"1","    1"
"1","    0381"
"1","   1"
"1","  2.9607183414"
"1"," 0.06270803"
"1","
36 "
"1"," 13"
"1","     1"
"1","    1"
"1","    1197"
"1","   1"
"1","  2.5653091290"
"1"," 0.07900498"
"1","
37 "
"1"," 10"
"1","     1"
"1","    1"
"1","    1873"
"1","   1"
"1","  2.3178577969"
"1"," 0.11850991"
"1","
38 "
"1"," 10"
"1","     1"
"1","    1"
"1","    6439"
"1","   1"
"1","  2.3034837386"
"1"," 0.10429957"
"1","
39 "
"1"," 10"
"1","     1"
"1","    1"
"1","    7290"
"1","   1"
"1","  2.3082540230"
"1"," 0.11102917"
"1","
40 "
"1","  5"
"1","     1"
"1","    1"
"1","    7880"
"1","   1"
"1","  1.6989840727"
"1"," 0.12685552"
"1","
41 "
"1","  4"
"1","     1"
"1","    0"
"1","    0236"
"1","   1"
"1","  1.7491856981"
"1"," 0.52730003"
"1","
42 "
"1"," 14"
"1","     0"
"1","    0"
"1","    2192"
"1","   1"
"1","  2.8605904335"
"1"," 0.13005858"
"1","
43 "
"1"," 14"
"1","     1"
"1","    1"
"1","    0236"
"1","   1"
"1","  2.6403963903"
"1"," 0.07518908"
"1","
44 "
"1"," 13"
"1","     0"
"1","    1"
"1","    2192"
"1","   1"
"1","  2.5741102947"
"1"," 0.08781025"
"1","
45 "
"1","  5"
"1","     0"
"1","    0"
"1","    0046"
"1","   1"
"1","  1.8451065438"
"1"," 0.37037164"
"1","
46 "
"1","  3"
"1","     1"
"1","    0"
"1","    0990"
"1","   1"
"1","  1.3314184679"
"1"," 0.61520772"
"1","
47 "
"1","  4"
"1","     1"
"1","    0"
"1","    1333"
"1","   1"
"1","  1.7491856981"
"1"," 0.52730003"
"1","
48 "
"1","  4"
"1","     1"
"1","    0"
"1","    2142"
"1","   1"
"1","  2.5094288612"
"1"," 0.83110848"
"1","
49 "
"1","  0"
"1","     1"
"1","    0"
"1","    2531"
"1","   1"
"1"," -1.2726497396"
"1"," 1.31344012"
"1","
50 "
"1","  0"
"1","     1"
"1","    0"
"1","    2547"
"1","   1"
"1"," -0.3600144268"
"1"," 0.52730003"
"1","
51 "
"1","  0"
"1","     0"
"1","    0"
"1","    2966"
"1","   1"
"1"," -0.9300508994"
"1"," 0.93244128"
"1","
52 "
"1","  0"
"1","     0"
"1","    0"
"1","    3128"
"1","   1"
"1"," -0.9300508994"
"1"," 0.93244128"
"1","
53 "
"1","  5"
"1","     1"
"1","    0"
"1","    3412"
"1","   1"
"1","  3.5651233808"
"1"," 0.88963613"
"1","
54 "
"1","  0"
"1","     1"
"1","    0"
"1","    3482"
"1","   1"
"1"," -1.6556963822"
"1"," 1.92648362"
"1","
55 "
"1","  0"
"1","     0"
"1","    0"
"1","    4342"
"1","   1"
"1"," -0.3707481425"
"1"," 0.53299040"
"1","
56 "
"1","  0"
"1","     0"
"1","    0"
"1","    4477"
"1","   1"
"1"," -0.9300508994"
"1"," 0.93244128"
"1","
57 "
"1","  0"
"1","     0"
"1","    0"
"1","    5341"
"1","   1"
"1"," -0.9300508994"
"1"," 0.93244128"
"1","
58 "
"1","  3"
"1","     0"
"1","    0"
"1","    5842"
"1","   1"
"1","  1.1772124643"
"1"," 0.48350912"
"1","
59 "
"1","  0"
"1","     1"
"1","    0"
"1","    5920"
"1","   1"
"1"," -0.6272667621"
"1"," 0.68884897"
"1","
60 "
"1","  0"
"1","     1"
"1","    0"
"1","    6054"
"1","   1"
"1"," -1.1061529271"
"1"," 1.11199192"
"1","
61 "
"1","  0"
"1","     1"
"1","    0"
"1","    6474"
"1","   1"
"1"," -0.9541384001"
"1"," 0.95517415"
"1","
62 "
"1","  0"
"1","     1"
"1","    0"
"1","    7058"
"1","   1"
"1"," -0.5696236188"
"1"," 0.65026430"
"1","
63 "
"1","  0"
"1","     1"
"1","    0"
"1","    7454"
"1","   1"
"1"," -0.9541384001"
"1"," 0.95517415"
"1","
64 "
"1","  2"
"1","     0"
"1","    0"
"1","    8562"
"1","   1"
"1","  0.7775367218"
"1"," 0.73445527"
"1","
65 "
"1","  4"
"1","     1"
"1","    0"
"1","    8651"
"1","   1"
"1","  3.3418147417"
"1"," 1.11199192"
"1","
66 "
"1","  5"
"1","     1"
"1","    0"
"1","    9138"
"1","   1"
"1","  4.8435884533"
"1"," 1.20621519"
"1","
67 "
"1","  0"
"1","     0"
"1","    0"
"1","    9796"
"1","   1"
"1"," -0.9300508994"
"1"," 0.93244128"
"1","
68 "
"1","  0"
"1","     0"
"1","    0"
"1","    9850"
"1","   1"
"1"," -0.8081607846"
"1"," 0.82543958"
"1","
69 "
"1","  0"
"1","     1"
"1","    0"
"1","    9979"
"1","   1"
"1"," -1.3618490363"
"1"," 1.43598214"
"1","
70 "
"1","  4"
"1","     0"
"1","    1"
"1","    0046"
"1","   1"
"1","  1.3862943898"
"1"," 0.25005983"
"1","
71 "
"1"," 12"
"1","     1"
"1","    1"
"1","    0990"
"1","   1"
"1","  2.4862477949"
"1"," 0.08772406"
"1","
72 "
"1"," 14"
"1","     1"
"1","    1"
"1","    1333"
"1","   1"
"1","  2.6403963903"
"1"," 0.07518908"
"1","
73 "
"1","  6"
"1","     1"
"1","    1"
"1","    2142"
"1","   1"
"1","  1.8438181474"
"1"," 0.11850991"
"1","
74 "
"1","  4"
"1","     1"
"1","    1"
"1","    2531"
"1","   1"
"1","  1.4242613048"
"1"," 0.18728683"
"1","
75 "
"1"," 18"
"1","     1"
"1","    1"
"1","    2547"
"1","   1"
"1","  2.9411527044"
"1"," 0.07518908"
"1","
76 "
"1","  0"
"1","     0"
"1","    1"
"1","    2966"
"1","   1"
"1"," -0.5372441882"
"1"," 0.62954634"
"1","
77 "
"1","  0"
"1","     0"
"1","    1"
"1","    3128"
"1","   1"
"1"," -0.5372441882"
"1"," 0.62954634"
"1","
78 "
"1","  4"
"1","     1"
"1","    1"
"1","    3412"
"1","   1"
"1","  1.5721285509"
"1"," 0.12685552"
"1","
79 "
"1","  0"
"1","     1"
"1","    1"
"1","    3482"
"1","   1"
"1","  0.2920673355"
"1"," 0.27470229"
"1","
80 "
"1","  5"
"1","     0"
"1","    1"
"1","    4342"
"1","   1"
"1","  1.8213255399"
"1"," 0.35985339"
"1","
81 "
"1","  0"
"1","     0"
"1","    1"
"1","    4477"
"1","   1"
"1"," -0.5372441882"
"1"," 0.62954634"
"1","
82 "
"1","  0"
"1","     0"
"1","    1"
"1","    5341"
"1","   1"
"1"," -0.5372441882"
"1"," 0.62954634"
"1","
83 "
"1","  3"
"1","     0"
"1","    1"
"1","    5842"
"1","   1"
"1","  1.0988287566"
"1"," 0.32644565"
"1","
84 "
"1"," 13"
"1","     1"
"1","    1"
"1","    5920"
"1","   1"
"1","  2.5974188373"
"1"," 0.09822476"
"1","
85 "
"1","  6"
"1","     1"
"1","    1"
"1","    6054"
"1","   1"
"1","  1.7929816531"
"1"," 0.15856181"
"1","
86 "
"1","  8"
"1","     1"
"1","    1"
"1","    6474"
"1","   1"
"1","  2.0832313841"
"1"," 0.13620076"
"1","
87 "
"1"," 14"
"1","     1"
"1","    1"
"1","    7058"
"1","   1"
"1","  2.6762603154"
"1"," 0.09272287"
"1","
88 "
"1","  8"
"1","     1"
"1","    1"
"1","    7454"
"1","   1"
"1","  2.0832313841"
"1"," 0.13620076"
"1","
89 "
"1","  0"
"1","     0"
"1","    1"
"1","    8562"
"1","   1"
"1"," -0.2985671007"
"1"," 0.49587426"
"1","
90 "
"1","  2"
"1","     1"
"1","    1"
"1","    8651"
"1","   1"
"1","  1.1587344114"
"1"," 0.15856181"
"1","
91 "
"1","  0"
"1","     1"
"1","    1"
"1","    9138"
"1","   1"
"1","  0.7602761988"
"1"," 0.17199735"
"1","
92 "
"1","  0"
"1","     0"
"1","    1"
"1","    9796"
"1","   1"
"1"," -0.5372441882"
"1"," 0.62954634"
"1","
93 "
"1","  1"
"1","     0"
"1","    1"
"1","    9850"
"1","   1"
"1","  0.1419490797"
"1"," 0.55730315"
"1","
94 "
"1","  3"
"1","     1"
"1","    1"
"1","    9979"
"1","   1"
"1","  1.2001959321"
"1"," 0.20476042"
"1","
95 "
"1","  0"
"1","     1"
"1","    0"
"1","    0258"
"1","   1"
"1"," -1.0284378356"
"1"," 1.02884605"
"1","
96 "
"1","  0"
"1","     1"
"1","    0"
"1","    1000"
"1","   1"
"1"," -1.6556963822"
"1"," 1.92648362"
"1","
97 "
"1","  0"
"1","     0"
"1","    0"
"1","    1049"
"1","   1"
"1"," -0.5796213632"
"1"," 0.65679808"
"1","
98 "
"1","  5"
"1","     1"
"1","    0"
"1","    1092"
"1","   1"
"1","  2.8169780736"
"1"," 0.68884897"
"1","
99 "
"1","  0"
"1","     1"
"1","    0"
"1","    1143"
"1","   1"
"1"," -0.5142046830"
"1"," 0.61520772"
"1","
100"
"1","  0"
"1","     1"
"1","    0"
"1","    1194"
"1","   1"
"1"," -0.8830572540"
"1"," 0.88963613"
"1","
101"
"1","  2"
"1","     0"
"1","    0"
"1","    1531"
"1","   1"
"1","  0.7339748064"
"1"," 0.65679808"
"1","
102"
"1","  1"
"1","     1"
"1","    0"
"1","    2055"
"1","   1"
"1","  0.0004082156"
"1"," 1.02884605"
"1","
103"
"1","  0"
"1","     1"
"1","    0"
"1","    2161"
"1","   1"
"1"," -0.6272667621"
"1"," 0.68884897"
"1","
104"
"1","  2"
"1","     0"
"1","    0"
"1","    2356"
"1","   1"
"1","  0.7775367218"
"1"," 0.73445527"
"1","
105"
"1","  0"
"1","     1"
"1","    0"
"1","    2473"
"1","   1"
"1"," -0.8150050446"
"1"," 0.83110848"
"1","
106"
"1","  1"
"1","     0"
"1","    0"
"1","    2592"
"1","   1"
"1","  0.4157778533"
"1"," 0.34156730"
"1","
107"
"1","  3"
"1","     1"
"1","    0"
"1","    2611"
"1","   1"
"1","  1.5070788801"
"1"," 0.73145151"
"1","
108"
"1","  6"
"1","     0"
"1","    0"
"1","    3183"
"1","   1"
"1","  1.8977808541"
"1"," 0.25561882"
"1","
109"
"1","  0"
"1","     1"
"1","    0"
"1","    3290"
"1","   1"
"1"," -1.1874875189"
"1"," 1.20621519"
"1","
110"
"1","  1"
"1","     1"
"1","    0"
"1","    3445"
"1","   1"
"1","  0.0615822050"
"1"," 0.68884897"
"1","
111"
"1","  0"
"1","     1"
"1","    0"
"1","    3512"
"1","   1"
"1"," -1.6556963822"
"1"," 1.92648362"
"1","
112"
"1","  1"
"1","     0"
"1","    0"
"1","    3554"
"1","   1"
"1","  0.2602604764"
"1"," 0.44056642"
"1","
113"
"1"," 18"
"1","     0"
"1","    0"
"1","    4047"
"1","   1"
"1","  3.3808247525"
"1"," 0.13005858"
"1","
114"
"1","  0"
"1","     0"
"1","    0"
"1","    4246"
"1","   1"
"1"," -0.9300508994"
"1"," 0.93244128"
"1","
115"
"1","  1"
"1","     0"
"1","    0"
"1","    4293"
"1","   1"
"1","  0.0172787912"
"1"," 0.82543958"
"1","
116"
"1","  0"
"1","     0"
"1","    0"
"1","    4338"
"1","   1"
"1"," -0.0067516536"
"1"," 0.37037164"
"1","
117"
"1","  2"
"1","     0"
"1","    0"
"1","    4652"
"1","   1"
"1","  0.7339748064"
"1"," 0.65679808"
"1","
118"
"1","  7"
"1","     0"
"1","    0"
"1","    4697"
"1","   1"
"1","  2.1533996768"
"1"," 0.25561882"
"1","
119"
"1","  0"
"1","     0"
"1","    0"
"1","    4775"
"1","   1"
"1"," -0.4727938676"
"1"," 0.59025175"
"1","
120"
"1","  4"
"1","     0"
"1","    0"
"1","    4857"
"1","   1"
"1","  1.6607215870"
"1"," 0.48350912"
"1","
121"
"1","  0"
"1","     1"
"1","    0"
"1","    5206"
"1","   1"
"1"," -1.6556963822"
"1"," 1.92648362"
"1","
122"
"1","  0"
"1","     0"
"1","    0"
"1","    5412"
"1","   1"
"1"," -0.9300508994"
"1"," 0.93244128"
"1","
123"
"1","  0"
"1","     1"
"1","    0"
"1","    5477"
"1","   1"
"1"," -0.9541384001"
"1"," 0.95517415"
"1","
124"
"1","  0"
"1","     0"
"1","    0"
"1","    6047"
"1","   1"
"1"," -0.9300508994"
"1"," 0.93244128"
"1","
125"
"1","  0"
"1","     0"
"1","    0"
"1","    6173"
"1","   1"
"1"," -0.8081607846"
"1"," 0.82543958"
"1","
126"
"1","  0"
"1","     1"
"1","    0"
"1","    6530"
"1","   1"
"1"," -0.8830572540"
"1"," 0.88963613"
"1","
127"
"1","  3"
"1","     0"
"1","    0"
"1","    6876"
"1","   1"
"1","  1.1043632649"
"1"," 0.37037164"
"1","
128"
"1","  0"
"1","     0"
"1","    0"
"1","    7141"
"1","   1"
"1"," -0.6913738120"
"1"," 0.73445527"
"1","
129"
"1","  2"
"1","     1"
"1","    0"
"1","    7502"
"1","   1"
"1","  1.0292542669"
"1"," 1.02884605"
"1","
130"
"1","  0"
"1","     0"
"1","    0"
"1","    7545"
"1","   1"
"1"," -0.5796213632"
"1"," 0.65679808"
"1","
131"
"1","  0"
"1","     0"
"1","    0"
"1","    7568"
"1","   1"
"1"," -0.9300508994"
"1"," 0.93244128"
"1","
132"
"1","  0"
"1","     0"
"1","    0"
"1","    8444"
"1","   1"
"1"," -0.9300508994"
"1"," 0.93244128"
"1","
133"
"1","  1"
"1","     0"
"1","    0"
"1","    8515"
"1","   1"
"1","  0.0172787912"
"1"," 0.82543958"
"1","
134"
"1","  0"
"1","     1"
"1","    0"
"1","    8822"
"1","   1"
"1"," -0.5696236188"
"1"," 0.65026430"
"1","
135"
"1","  0"
"1","     1"
"1","    0"
"1","    8927"
"1","   1"
"1"," -0.3600144268"
"1"," 0.52730003"
"1","
136"
"1","  0"
"1","     0"
"1","    0"
"1","    9252"
"1","   1"
"1"," -0.9300508994"
"1"," 0.93244128"
"1","
137"
"1","  3"
"1","     0"
"1","    0"
"1","    9512"
"1","   1"
"1","  1.2979613926"
"1"," 0.59025175"
"1","
138"
"1","  1"
"1","     1"
"1","    0"
"1","    9714"
"1","   1"
"1","  0.1445415966"
"1"," 0.55406087"
"1","
139"
"1","  0"
"1","     0"
"1","    0"
"1","    9817"
"1","   1"
"1"," -0.4727938676"
"1"," 0.59025175"
"1","
140"
"1","  7"
"1","     1"
"1","    1"
"1","    0258"
"1","   1"
"1","  1.9462666629"
"1"," 0.14670583"
"1","
141"
"1","  0"
"1","     1"
"1","    1"
"1","    1000"
"1","   1"
"1","  0.2920673355"
"1"," 0.27470229"
"1","
142"
"1","  3"
"1","     0"
"1","    1"
"1","    1049"
"1","   1"
"1","  1.1435152268"
"1"," 0.44344329"
"1","
"
"1"," [ reached 'max' / getOption(""max.print"") -- omitted"
"1"," "
"1","86"
"1"," "
"1","rows ]
"
"1","
"
"1","$family
"
"1","
Family:"
"1"," "
"1","poisson"
"1"," "
"1","
"
"1","Link function:"
"1"," "
"1","log"
"1"," "
"1","

"
"1","
"
"1","attr(,""class"")"
"1","
"
"1","[1]"
"1"," ""glmmPQL"""
"1"," ""lme""    "
"1","
"
